,date,game_id,home_team,away_team,home_team_goals,away_team_goals,result,h_xgf%,a_xgf%
0,2022-10-07,2022020001,Nashville Predators,San Jose Sharks,4.0,1.0,1.0,,
1,2022-10-08,2022020002,San Jose Sharks,Nashville Predators,2.0,3.0,0.0,,
2,2022-10-11,2022020003,New York Rangers,Tampa Bay Lightning,3.0,1.0,1.0,,
3,2022-10-12,2022020004,Los Angeles Kings,Vegas Golden Knights,3.0,4.0,0.0,,
4,2022-10-12,2022020005,Washington Capitals,Boston Bruins,2.0,5.0,0.0,,
5,2022-10-12,2022020006,Carolina Hurricanes,Columbus Blue Jackets,4.0,1.0,1.0,,
6,2022-10-12,2022020007,Montreal Canadiens,Toronto Maple Leafs,4.0,3.0,1.0,,
7,2022-10-13,2022020008,Colorado Avalanche,Chicago Blackhawks,5.0,2.0,1.0,,
8,2022-10-13,2022020009,Anaheim Ducks,Seattle Kraken,5.0,4.0,1.0,,
9,2022-10-13,2022020010,Edmonton Oilers,Vancouver Canucks,5.0,3.0,1.0,,
10,2022-10-13,2022020011,Pittsburgh Penguins,Arizona Coyotes,6.0,2.0,1.0,,
11,2022-10-13,2022020012,Philadelphia Flyers,New Jersey Devils,5.0,2.0,1.0,,
12,2022-10-13,2022020013,Buffalo Sabres,Ottawa Senators,4.0,1.0,1.0,,
13,2022-10-13,2022020014,New York Islanders,Florida Panthers,1.0,3.0,0.0,,
14,2022-10-13,2022020015,Toronto Maple Leafs,Washington Capitals,3.0,2.0,1.0,,
15,2022-10-14,2022020017,Minnesota Wild,New York Rangers,3.0,7.0,0.0,,
16,2022-10-14,2022020016,Nashville Predators,Dallas Stars,1.0,4.0,0.0,,
17,2022-10-14,2022020018,Calgary Flames,Colorado Avalanche,5.0,3.0,1.0,,
18,2022-10-14,2022020019,Vegas Golden Knights,Chicago Blackhawks,1.0,0.0,1.0,,
19,2022-10-14,2022020020,Los Angeles Kings,Seattle Kraken,1.0,4.0,0.0,,
20,2022-10-14,2022020021,Columbus Blue Jackets,Tampa Bay Lightning,2.0,5.0,0.0,,
21,2022-10-14,2022020022,Detroit Red Wings,Montreal Canadiens,3.0,0.0,1.0,,
22,2022-10-15,2022020023,Winnipeg Jets,New York Rangers,4.0,1.0,1.0,,
23,2022-10-15,2022020024,San Jose Sharks,Carolina Hurricanes,1.0,2.0,0.0,,
24,2022-10-15,2022020025,Buffalo Sabres,Florida Panthers,3.0,4.0,0.0,,
25,2022-10-15,2022020026,Philadelphia Flyers,Vancouver Canucks,3.0,2.0,1.0,,
26,2022-10-15,2022020027,Boston Bruins,Arizona Coyotes,6.0,3.0,1.0,,
27,2022-10-15,2022020028,New Jersey Devils,Detroit Red Wings,2.0,5.0,0.0,,
28,2022-10-15,2022020029,Washington Capitals,Montreal Canadiens,3.0,1.0,1.0,,
29,2022-10-15,2022020030,Toronto Maple Leafs,Ottawa Senators,3.0,2.0,1.0,,
30,2022-10-15,2022020031,Pittsburgh Penguins,Tampa Bay Lightning,6.0,2.0,1.0,,
31,2022-10-15,2022020032,New York Islanders,Anaheim Ducks,7.0,1.0,1.0,,
32,2022-10-16,2022020033,St. Louis Blues,Columbus Blue Jackets,5.0,2.0,1.0,,
33,2022-10-16,2022020034,Minnesota Wild,Los Angeles Kings,6.0,7.0,0.0,,
34,2022-10-16,2022020035,Dallas Stars,Nashville Predators,5.0,1.0,1.0,,
35,2022-10-16,2022020037,Seattle Kraken,Vegas Golden Knights,2.0,5.0,0.0,,
36,2022-10-16,2022020038,San Jose Sharks,Chicago Blackhawks,2.0,5.0,0.0,,
37,2022-10-16,2022020036,Edmonton Oilers,Calgary Flames,3.0,4.0,0.0,,
38,2022-10-17,2022020039,New York Rangers,Anaheim Ducks,6.0,4.0,1.0,,
39,2022-10-17,2022020040,Toronto Maple Leafs,Arizona Coyotes,2.0,4.0,0.0,,
40,2022-10-17,2022020041,Boston Bruins,Florida Panthers,5.0,3.0,1.0,,
41,2022-10-17,2022020042,Montreal Canadiens,Pittsburgh Penguins,3.0,2.0,1.0,,
42,2022-10-17,2022020043,Washington Capitals,Vancouver Canucks,6.0,4.0,1.0,,
43,2022-10-17,2022020044,Detroit Red Wings,Los Angeles Kings,4.0,5.0,0.0,,
44,2022-10-18,2022020045,Minnesota Wild,Colorado Avalanche,3.0,6.0,0.0,,
45,2022-10-18,2022020046,Dallas Stars,Winnipeg Jets,4.0,1.0,1.0,,
46,2022-10-18,2022020047,Seattle Kraken,Carolina Hurricanes,1.0,5.0,0.0,,
47,2022-10-18,2022020048,New Jersey Devils,Anaheim Ducks,4.0,2.0,1.0,,
48,2022-10-18,2022020049,Ottawa Senators,Boston Bruins,7.0,5.0,1.0,,
49,2022-10-18,2022020050,Columbus Blue Jackets,Vancouver Canucks,4.0,3.0,1.0,,
50,2022-10-18,2022020053,Tampa Bay Lightning,Philadelphia Flyers,2.0,3.0,0.0,,
51,2022-10-18,2022020051,New York Islanders,San Jose Sharks,5.0,2.0,1.0,,
52,2022-10-19,2022020054,Edmonton Oilers,Buffalo Sabres,2.0,4.0,0.0,,
53,2022-10-19,2022020055,Calgary Flames,Vegas Golden Knights,3.0,2.0,1.0,,
54,2022-10-19,2022020052,Nashville Predators,Los Angeles Kings,3.0,4.0,0.0,,
55,2022-10-19,2022020056,Florida Panthers,Philadelphia Flyers,4.0,3.0,1.0,,
56,2022-10-20,2022020057,Colorado Avalanche,Winnipeg Jets,3.0,4.0,0.0,,
57,2022-10-20,2022020058,Seattle Kraken,St. Louis Blues,3.0,4.0,0.0,,
58,2022-10-20,2022020059,Boston Bruins,Anaheim Ducks,2.0,1.0,1.0,,
59,2022-10-20,2022020060,Montreal Canadiens,Arizona Coyotes,6.0,2.0,1.0,,
60,2022-10-20,2022020061,Toronto Maple Leafs,Dallas Stars,3.0,2.0,1.0,,
61,2022-10-20,2022020062,Pittsburgh Penguins,Los Angeles Kings,6.0,1.0,1.0,,
62,2022-10-20,2022020063,Columbus Blue Jackets,Nashville Predators,5.0,3.0,1.0,,
63,2022-10-20,2022020064,New York Rangers,San Jose Sharks,2.0,3.0,0.0,,
64,2022-10-20,2022020065,Ottawa Senators,Washington Capitals,5.0,2.0,1.0,,
65,2022-10-20,2022020066,New York Islanders,New Jersey Devils,1.0,4.0,0.0,,
66,2022-10-21,2022020067,Minnesota Wild,Vancouver Canucks,4.0,3.0,1.0,,
67,2022-10-21,2022020069,Edmonton Oilers,Carolina Hurricanes,6.0,4.0,1.0,,
68,2022-10-21,2022020068,Calgary Flames,Buffalo Sabres,3.0,6.0,0.0,,
69,2022-10-21,2022020070,Vegas Golden Knights,Winnipeg Jets,5.0,2.0,1.0,,
70,2022-10-21,2022020071,Florida Panthers,Tampa Bay Lightning,2.0,3.0,0.0,,
71,2022-10-22,2022020072,Chicago Blackhawks,Detroit Red Wings,4.0,3.0,1.0,,
72,2022-10-22,2022020073,Colorado Avalanche,Seattle Kraken,2.0,3.0,0.0,,
73,2022-10-22,2022020074,Boston Bruins,Minnesota Wild,4.0,3.0,1.0,,
74,2022-10-22,2022020075,New Jersey Devils,San Jose Sharks,2.0,1.0,1.0,,
75,2022-10-22,2022020077,Edmonton Oilers,St. Louis Blues,0.0,2.0,0.0,,
76,2022-10-22,2022020076,Ottawa Senators,Arizona Coyotes,6.0,2.0,1.0,,
77,2022-10-22,2022020082,Winnipeg Jets,Toronto Maple Leafs,1.0,4.0,0.0,,
78,2022-10-22,2022020078,Montreal Canadiens,Dallas Stars,2.0,5.0,0.0,,
79,2022-10-22,2022020079,Washington Capitals,Los Angeles Kings,4.0,3.0,1.0,,
80,2022-10-22,2022020080,Tampa Bay Lightning,New York Islanders,5.0,3.0,1.0,,
81,2022-10-22,2022020081,Columbus Blue Jackets,Pittsburgh Penguins,3.0,6.0,0.0,,
82,2022-10-23,2022020083,Nashville Predators,Philadelphia Flyers,1.0,3.0,0.0,,
83,2022-10-23,2022020084,Vancouver Canucks,Buffalo Sabres,1.0,5.0,0.0,,
84,2022-10-23,2022020086,Vegas Golden Knights,Colorado Avalanche,2.0,3.0,0.0,,
85,2022-10-23,2022020085,Calgary Flames,Carolina Hurricanes,3.0,2.0,1.0,,
86,2022-10-23,2022020087,Chicago Blackhawks,Seattle Kraken,5.0,4.0,1.0,,
87,2022-10-23,2022020088,Detroit Red Wings,Anaheim Ducks,5.0,1.0,1.0,,
88,2022-10-23,2022020089,New York Rangers,Columbus Blue Jackets,1.0,5.0,0.0,,
89,2022-10-23,2022020090,Florida Panthers,New York Islanders,3.0,2.0,1.0,,
90,2022-10-23,2022020091,Philadelphia Flyers,San Jose Sharks,0.0,3.0,0.0,,
91,2022-10-24,2022020092,Ottawa Senators,Dallas Stars,4.0,2.0,1.0,,
92,2022-10-24,2022020093,New Jersey Devils,Washington Capitals,3.0,6.0,0.0,,
93,2022-10-25,2022020094,Edmonton Oilers,Pittsburgh Penguins,6.0,3.0,1.0,,
94,2022-10-25,2022020095,Winnipeg Jets,St. Louis Blues,4.0,0.0,1.0,,
95,2022-10-25,2022020096,Vegas Golden Knights,Toronto Maple Leafs,3.0,1.0,1.0,,
96,2022-10-25,2022020097,Vancouver Canucks,Carolina Hurricanes,2.0,3.0,0.0,,
97,2022-10-25,2022020098,Columbus Blue Jackets,Arizona Coyotes,3.0,6.0,0.0,,
98,2022-10-25,2022020100,Boston Bruins,Dallas Stars,3.0,1.0,1.0,,
99,2022-10-25,2022020101,Montreal Canadiens,Minnesota Wild,1.0,3.0,0.0,,
100,2022-10-25,2022020102,Detroit Red Wings,New Jersey Devils,2.0,6.0,0.0,,
101,2022-10-26,2022020099,New York Rangers,Colorado Avalanche,2.0,3.0,0.0,,
102,2022-10-26,2022020103,Chicago Blackhawks,Florida Panthers,4.0,2.0,1.0,,
103,2022-10-26,2022020104,Calgary Flames,Pittsburgh Penguins,4.0,1.0,1.0,,
104,2022-10-26,2022020105,Seattle Kraken,Buffalo Sabres,5.0,1.0,1.0,,
105,2022-10-26,2022020106,Los Angeles Kings,Tampa Bay Lightning,4.0,2.0,1.0,,
106,2022-10-26,2022020107,San Jose Sharks,Vegas Golden Knights,2.0,4.0,0.0,,
107,2022-10-26,2022020108,New York Islanders,New York Rangers,3.0,0.0,1.0,,
108,2022-10-27,2022020109,St. Louis Blues,Edmonton Oilers,1.0,3.0,0.0,,
109,2022-10-27,2022020110,Anaheim Ducks,Tampa Bay Lightning,2.0,4.0,0.0,,
110,2022-10-27,2022020111,Boston Bruins,Detroit Red Wings,5.0,1.0,1.0,,
111,2022-10-27,2022020112,Philadelphia Flyers,Florida Panthers,4.0,3.0,1.0,,
112,2022-10-27,2022020113,Ottawa Senators,Minnesota Wild,2.0,4.0,0.0,,
113,2022-10-27,2022020114,Buffalo Sabres,Montreal Canadiens,2.0,3.0,0.0,,
114,2022-10-28,2022020115,Nashville Predators,St. Louis Blues,6.0,2.0,1.0,,
115,2022-10-28,2022020116,Chicago Blackhawks,Edmonton Oilers,5.0,6.0,0.0,,
116,2022-10-28,2022020117,Dallas Stars,Washington Capitals,2.0,0.0,1.0,,
117,2022-10-28,2022020118,Seattle Kraken,Vancouver Canucks,4.0,5.0,0.0,,
118,2022-10-28,2022020119,San Jose Sharks,Toronto Maple Leafs,4.0,3.0,1.0,,
119,2022-10-28,2022020120,Los Angeles Kings,Winnipeg Jets,4.0,6.0,0.0,,
120,2022-10-28,2022020121,Vegas Golden Knights,Anaheim Ducks,4.0,0.0,1.0,,
121,2022-10-28,2022020122,Columbus Blue Jackets,Boston Bruins,0.0,4.0,0.0,,
122,2022-10-28,2022020123,New Jersey Devils,Colorado Avalanche,1.0,0.0,1.0,,
123,2022-10-28,2022020124,Carolina Hurricanes,New York Islanders,2.0,6.0,0.0,,
124,2022-10-29,2022020125,Vancouver Canucks,Pittsburgh Penguins,5.0,1.0,1.0,,
125,2022-10-29,2022020126,Arizona Coyotes,Winnipeg Jets,2.0,3.0,0.0,,
126,2022-10-29,2022020127,Dallas Stars,New York Rangers,3.0,6.0,0.0,,
127,2022-10-29,2022020128,Florida Panthers,Ottawa Senators,5.0,3.0,1.0,,
128,2022-10-29,2022020129,San Jose Sharks,Tampa Bay Lightning,3.0,4.0,0.0,,
129,2022-10-29,2022020134,Los Angeles Kings,Toronto Maple Leafs,4.0,2.0,1.0,,
130,2022-10-29,2022020133,St. Louis Blues,Montreal Canadiens,4.0,7.0,0.0,,
131,2022-10-29,2022020130,Philadelphia Flyers,Carolina Hurricanes,3.0,4.0,0.0,,
132,2022-10-29,2022020131,Buffalo Sabres,Chicago Blackhawks,4.0,3.0,1.0,,
133,2022-10-29,2022020132,Detroit Red Wings,Minnesota Wild,2.0,1.0,1.0,,
134,2022-10-29,2022020135,New York Islanders,Colorado Avalanche,5.0,4.0,1.0,,
135,2022-10-30,2022020136,Nashville Predators,Washington Capitals,0.0,3.0,0.0,,
136,2022-10-30,2022020138,Seattle Kraken,Pittsburgh Penguins,3.0,1.0,1.0,,
137,2022-10-30,2022020137,Calgary Flames,Edmonton Oilers,2.0,3.0,0.0,,
138,2022-10-30,2022020139,New Jersey Devils,Columbus Blue Jackets,7.0,1.0,1.0,,
139,2022-10-30,2022020140,Chicago Blackhawks,Minnesota Wild,3.0,4.0,0.0,,
140,2022-10-31,2022020141,Arizona Coyotes,New York Rangers,2.0,3.0,0.0,,
141,2022-10-31,2022020142,Anaheim Ducks,Toronto Maple Leafs,4.0,3.0,1.0,,
142,2022-10-31,2022020143,Vegas Golden Knights,Winnipeg Jets,2.0,1.0,1.0,,
143,2022-10-31,2022020144,Buffalo Sabres,Detroit Red Wings,8.0,3.0,1.0,,
144,2022-10-31,2022020145,Carolina Hurricanes,Washington Capitals,3.0,2.0,1.0,,
145,2022-11-01,2022020146,St. Louis Blues,Los Angeles Kings,1.0,5.0,0.0,,
146,2022-11-01,2022020148,Tampa Bay Lightning,Ottawa Senators,4.0,3.0,1.0,,
147,2022-11-01,2022020149,New York Rangers,Philadelphia Flyers,1.0,0.0,1.0,,
148,2022-11-01,2022020150,Washington Capitals,Vegas Golden Knights,2.0,3.0,0.0,,
149,2022-11-02,2022020151,Minnesota Wild,Montreal Canadiens,4.0,1.0,1.0,,
150,2022-11-02,2022020147,Pittsburgh Penguins,Boston Bruins,5.0,6.0,0.0,,
151,2022-11-02,2022020152,Chicago Blackhawks,New York Islanders,1.0,3.0,0.0,,
152,2022-11-02,2022020153,Dallas Stars,Los Angeles Kings,5.0,2.0,1.0,,
153,2022-11-02,2022020154,Edmonton Oilers,Nashville Predators,7.0,4.0,1.0,,
154,2022-11-02,2022020155,Calgary Flames,Seattle Kraken,4.0,5.0,0.0,,
155,2022-11-02,2022020156,Arizona Coyotes,Florida Panthers,3.0,1.0,1.0,,
156,2022-11-02,2022020157,Vancouver Canucks,New Jersey Devils,2.0,5.0,0.0,,
157,2022-11-02,2022020158,San Jose Sharks,Anaheim Ducks,5.0,6.0,0.0,,
158,2022-11-02,2022020159,Toronto Maple Leafs,Philadelphia Flyers,5.0,2.0,1.0,,
159,2022-11-02,2022020160,Buffalo Sabres,Pittsburgh Penguins,6.0,3.0,1.0,,
160,2022-11-03,2022020162,Tampa Bay Lightning,Carolina Hurricanes,3.0,4.0,0.0,,
161,2022-11-03,2022020163,Ottawa Senators,Vegas Golden Knights,4.0,5.0,0.0,,
162,2022-11-03,2022020164,Detroit Red Wings,Washington Capitals,3.0,1.0,1.0,,
163,2022-11-03,2022020161,New York Rangers,Boston Bruins,2.0,5.0,0.0,,
164,2022-11-04,2022020165,Winnipeg Jets,Montreal Canadiens,3.0,2.0,1.0,,
165,2022-11-04,2022020166,St. Louis Blues,New York Islanders,2.0,5.0,0.0,,
166,2022-11-04,2022020167,Minnesota Wild,Seattle Kraken,0.0,4.0,0.0,,
167,2022-11-04,2022020168,Chicago Blackhawks,Los Angeles Kings,2.0,1.0,1.0,,
168,2022-11-04,2022020169,Calgary Flames,Nashville Predators,1.0,4.0,0.0,,
169,2022-11-04,2022020170,Edmonton Oilers,New Jersey Devils,3.0,4.0,0.0,,
170,2022-11-04,2022020171,Vancouver Canucks,Anaheim Ducks,8.0,5.0,1.0,,
171,2022-11-04,2022020172,Arizona Coyotes,Dallas Stars,2.0,7.0,0.0,,
172,2022-11-04,2022020173,San Jose Sharks,Florida Panthers,3.0,4.0,0.0,,
173,2022-11-04,2022020175,Colorado Avalanche,Columbus Blue Jackets,6.0,3.0,1.0,,
174,2022-11-04,2022020174,Carolina Hurricanes,Buffalo Sabres,5.0,3.0,1.0,,
175,2022-11-05,2022020181,Detroit Red Wings,New York Islanders,3.0,0.0,1.0,,
176,2022-11-05,2022020185,Columbus Blue Jackets,Colorado Avalanche,1.0,5.0,0.0,,
177,2022-11-05,2022020176,Winnipeg Jets,Chicago Blackhawks,4.0,0.0,1.0,,
178,2022-11-05,2022020177,Edmonton Oilers,Dallas Stars,2.0,6.0,0.0,,
179,2022-11-05,2022020178,Washington Capitals,Arizona Coyotes,2.0,3.0,0.0,,
180,2022-11-05,2022020179,Toronto Maple Leafs,Boston Bruins,2.0,1.0,1.0,,
181,2022-11-05,2022020180,Tampa Bay Lightning,Buffalo Sabres,5.0,3.0,1.0,,
182,2022-11-05,2022020182,Ottawa Senators,Philadelphia Flyers,1.0,2.0,0.0,,
183,2022-11-05,2022020183,Pittsburgh Penguins,Seattle Kraken,2.0,3.0,0.0,,
184,2022-11-05,2022020184,Montreal Canadiens,Vegas Golden Knights,4.0,6.0,0.0,,
185,2022-11-06,2022020186,Vancouver Canucks,Nashville Predators,3.0,4.0,0.0,,
186,2022-11-06,2022020187,Calgary Flames,New Jersey Devils,3.0,4.0,0.0,,
187,2022-11-06,2022020188,San Jose Sharks,Anaheim Ducks,4.0,5.0,0.0,,
188,2022-11-06,2022020189,Los Angeles Kings,Florida Panthers,5.0,4.0,1.0,,
189,2022-11-06,2022020190,New York Rangers,Detroit Red Wings,2.0,3.0,0.0,,
190,2022-11-06,2022020191,Carolina Hurricanes,Toronto Maple Leafs,1.0,3.0,0.0,,
191,2022-11-07,2022020192,Anaheim Ducks,Florida Panthers,3.0,5.0,0.0,,
192,2022-11-08,2022020193,New York Islanders,Calgary Flames,4.0,3.0,1.0,,
193,2022-11-08,2022020194,Boston Bruins,St. Louis Blues,3.0,1.0,1.0,,
194,2022-11-08,2022020195,Washington Capitals,Edmonton Oilers,5.0,4.0,1.0,,
195,2022-11-09,2022020196,Buffalo Sabres,Arizona Coyotes,1.0,4.0,0.0,,
196,2022-11-09,2022020197,New Jersey Devils,Calgary Flames,3.0,2.0,1.0,,
197,2022-11-09,2022020198,New York Rangers,New York Islanders,3.0,4.0,0.0,,
198,2022-11-09,2022020199,Philadelphia Flyers,St. Louis Blues,5.0,1.0,1.0,,
199,2022-11-09,2022020200,Ottawa Senators,Vancouver Canucks,4.0,6.0,0.0,,
200,2022-11-09,2022020201,Toronto Maple Leafs,Vegas Golden Knights,3.0,4.0,0.0,,
201,2022-11-09,2022020203,Detroit Red Wings,Montreal Canadiens,2.0,3.0,0.0,,
202,2022-11-09,2022020202,Tampa Bay Lightning,Edmonton Oilers,2.0,3.0,0.0,,
203,2022-11-09,2022020204,Winnipeg Jets,Dallas Stars,5.0,1.0,1.0,,
204,2022-11-09,2022020205,Seattle Kraken,Nashville Predators,5.0,1.0,1.0,,
205,2022-11-09,2022020206,Los Angeles Kings,Minnesota Wild,1.0,0.0,1.0,,
206,2022-11-10,2022020207,Florida Panthers,Carolina Hurricanes,3.0,0.0,1.0,,
207,2022-11-10,2022020208,Washington Capitals,Pittsburgh Penguins,1.0,4.0,0.0,,
208,2022-11-10,2022020209,Montreal Canadiens,Vancouver Canucks,5.0,2.0,1.0,,
209,2022-11-10,2022020210,Anaheim Ducks,Minnesota Wild,1.0,4.0,0.0,,
210,2022-11-11,2022020211,Boston Bruins,Calgary Flames,3.0,1.0,1.0,,
211,2022-11-11,2022020212,Carolina Hurricanes,Edmonton Oilers,7.0,2.0,1.0,,
212,2022-11-11,2022020213,New Jersey Devils,Ottawa Senators,4.0,3.0,1.0,,
213,2022-11-11,2022020214,Columbus Blue Jackets,Philadelphia Flyers,5.0,2.0,1.0,,
214,2022-11-11,2022020215,Buffalo Sabres,Vegas Golden Knights,4.0,7.0,0.0,,
215,2022-11-11,2022020217,Detroit Red Wings,New York Rangers,2.0,8.0,0.0,,
216,2022-11-11,2022020216,New York Islanders,Arizona Coyotes,0.0,2.0,0.0,,
217,2022-11-11,2022020218,St. Louis Blues,San Jose Sharks,5.0,3.0,1.0,,
218,2022-11-11,2022020219,Colorado Avalanche,Nashville Predators,5.0,3.0,1.0,,
219,2022-11-11,2022020220,Los Angeles Kings,Chicago Blackhawks,2.0,1.0,1.0,,
220,2022-11-12,2022020221,Toronto Maple Leafs,Pittsburgh Penguins,2.0,4.0,0.0,,
221,2022-11-12,2022020222,Washington Capitals,Tampa Bay Lightning,5.0,1.0,1.0,,
222,2022-11-12,2022020223,Dallas Stars,San Jose Sharks,4.0,5.0,0.0,,
223,2022-11-12,2022020224,Seattle Kraken,Minnesota Wild,0.0,1.0,0.0,,
224,2022-11-12,2022020225,Philadelphia Flyers,Ottawa Senators,1.0,4.0,0.0,,
225,2022-11-12,2022020226,Florida Panthers,Edmonton Oilers,2.0,4.0,0.0,,
226,2022-11-13,2022020227,New Jersey Devils,Arizona Coyotes,4.0,2.0,1.0,,
227,2022-11-13,2022020228,Buffalo Sabres,Boston Bruins,1.0,3.0,0.0,,
228,2022-11-13,2022020229,Montreal Canadiens,Pittsburgh Penguins,5.0,4.0,1.0,,
229,2022-11-13,2022020230,Toronto Maple Leafs,Vancouver Canucks,3.0,2.0,1.0,,
230,2022-11-13,2022020231,New York Islanders,Columbus Blue Jackets,4.0,3.0,1.0,,
231,2022-11-13,2022020232,Nashville Predators,New York Rangers,2.0,1.0,1.0,,
232,2022-11-13,2022020233,Colorado Avalanche,Carolina Hurricanes,4.0,1.0,1.0,,
233,2022-11-13,2022020234,Anaheim Ducks,Chicago Blackhawks,2.0,3.0,0.0,,
234,2022-11-13,2022020235,Vegas Golden Knights,St. Louis Blues,2.0,3.0,0.0,,
235,2022-11-13,2022020236,Calgary Flames,Winnipeg Jets,3.0,2.0,1.0,,
236,2022-11-13,2022020237,Los Angeles Kings,Detroit Red Wings,4.0,3.0,1.0,,
237,2022-11-13,2022020238,Philadelphia Flyers,Dallas Stars,1.0,5.0,0.0,,
238,2022-11-13,2022020240,Minnesota Wild,San Jose Sharks,2.0,3.0,0.0,,
239,2022-11-13,2022020241,Boston Bruins,Vancouver Canucks,5.0,2.0,1.0,,
240,2022-11-14,2022020239,New York Rangers,Arizona Coyotes,4.0,1.0,1.0,,
241,2022-11-14,2022020242,Tampa Bay Lightning,Washington Capitals,6.0,3.0,1.0,,
242,2022-11-14,2022020243,Seattle Kraken,Winnipeg Jets,2.0,3.0,0.0,,
243,2022-11-14,2022020244,Ottawa Senators,New York Islanders,2.0,4.0,0.0,,
244,2022-11-15,2022020246,Calgary Flames,Los Angeles Kings,6.0,5.0,1.0,,
245,2022-11-15,2022020245,Chicago Blackhawks,Carolina Hurricanes,0.0,3.0,0.0,,
246,2022-11-15,2022020247,Colorado Avalanche,St. Louis Blues,2.0,3.0,0.0,,
247,2022-11-16,2022020248,Tampa Bay Lightning,Dallas Stars,5.0,4.0,1.0,,
248,2022-11-16,2022020249,Montreal Canadiens,New Jersey Devils,1.0,5.0,0.0,,
249,2022-11-16,2022020251,Pittsburgh Penguins,Toronto Maple Leafs,2.0,5.0,0.0,,
250,2022-11-16,2022020252,Buffalo Sabres,Vancouver Canucks,4.0,5.0,0.0,,
251,2022-11-16,2022020253,Florida Panthers,Washington Capitals,5.0,2.0,1.0,,
252,2022-11-16,2022020250,Columbus Blue Jackets,Philadelphia Flyers,5.0,4.0,1.0,,
253,2022-11-16,2022020254,Nashville Predators,Minnesota Wild,2.0,1.0,1.0,,
254,2022-11-16,2022020255,Anaheim Ducks,Detroit Red Wings,3.0,2.0,1.0,,
255,2022-11-16,2022020256,Vegas Golden Knights,San Jose Sharks,2.0,5.0,0.0,,
256,2022-11-17,2022020257,Ottawa Senators,Buffalo Sabres,4.0,1.0,1.0,,
257,2022-11-17,2022020258,Chicago Blackhawks,St. Louis Blues,2.0,5.0,0.0,,
258,2022-11-17,2022020259,Edmonton Oilers,Los Angeles Kings,1.0,3.0,0.0,,
259,2022-11-18,2022020260,Tampa Bay Lightning,Calgary Flames,4.0,1.0,1.0,,
260,2022-11-18,2022020261,Carolina Hurricanes,Colorado Avalanche,2.0,3.0,0.0,,
261,2022-11-18,2022020262,Florida Panthers,Dallas Stars,4.0,6.0,0.0,,
262,2022-11-18,2022020263,Columbus Blue Jackets,Montreal Canadiens,6.0,4.0,1.0,,
263,2022-11-18,2022020264,Toronto Maple Leafs,New Jersey Devils,2.0,3.0,0.0,,
264,2022-11-18,2022020265,Boston Bruins,Philadelphia Flyers,4.0,1.0,1.0,,
265,2022-11-18,2022020266,Winnipeg Jets,Anaheim Ducks,3.0,2.0,1.0,,
266,2022-11-18,2022020267,Nashville Predators,New York Islanders,5.0,4.0,1.0,,
267,2022-11-18,2022020268,Minnesota Wild,Pittsburgh Penguins,4.0,6.0,0.0,,
268,2022-11-18,2022020269,St. Louis Blues,Washington Capitals,5.0,4.0,1.0,,
269,2022-11-18,2022020270,Vegas Golden Knights,Arizona Coyotes,4.0,1.0,1.0,,
270,2022-11-18,2022020271,Seattle Kraken,New York Rangers,3.0,2.0,1.0,,
271,2022-11-18,2022020272,San Jose Sharks,Detroit Red Wings,4.0,7.0,0.0,,
272,2022-11-19,2022020273,Vancouver Canucks,Los Angeles Kings,4.0,1.0,1.0,,
273,2022-11-19,2022020274,Ottawa Senators,New Jersey Devils,1.0,5.0,0.0,,
274,2022-11-19,2022020275,Florida Panthers,Calgary Flames,4.0,5.0,0.0,,
275,2022-11-20,2022020281,Winnipeg Jets,Pittsburgh Penguins,0.0,3.0,0.0,,
276,2022-11-20,2022020276,Toronto Maple Leafs,Buffalo Sabres,5.0,2.0,1.0,,
277,2022-11-20,2022020277,Boston Bruins,Chicago Blackhawks,6.0,1.0,1.0,,
278,2022-11-20,2022020278,Washington Capitals,Colorado Avalanche,0.0,4.0,0.0,,
279,2022-11-20,2022020279,Columbus Blue Jackets,Detroit Red Wings,1.0,6.0,0.0,,
280,2022-11-20,2022020280,Montreal Canadiens,Philadelphia Flyers,5.0,4.0,1.0,,
281,2022-11-20,2022020282,St. Louis Blues,Anaheim Ducks,6.0,2.0,1.0,,
282,2022-11-20,2022020283,Minnesota Wild,Carolina Hurricanes,2.0,1.0,1.0,,
283,2022-11-20,2022020284,Dallas Stars,New York Islanders,5.0,2.0,1.0,,
284,2022-11-20,2022020285,Nashville Predators,Tampa Bay Lightning,2.0,3.0,0.0,,
285,2022-11-20,2022020286,Seattle Kraken,Los Angeles Kings,3.0,2.0,1.0,,
286,2022-11-20,2022020287,Edmonton Oilers,Vegas Golden Knights,4.0,3.0,1.0,,
287,2022-11-20,2022020288,San Jose Sharks,New York Rangers,1.0,2.0,0.0,,
288,2022-11-20,2022020289,Columbus Blue Jackets,Florida Panthers,5.0,3.0,1.0,,
289,2022-11-21,2022020290,Chicago Blackhawks,Pittsburgh Penguins,3.0,5.0,0.0,,
290,2022-11-22,2022020291,Tampa Bay Lightning,Boston Bruins,3.0,5.0,0.0,,
291,2022-11-22,2022020292,Philadelphia Flyers,Calgary Flames,2.0,5.0,0.0,,
292,2022-11-22,2022020293,New Jersey Devils,Edmonton Oilers,5.0,2.0,1.0,,
293,2022-11-22,2022020294,Winnipeg Jets,Carolina Hurricanes,4.0,3.0,1.0,,
294,2022-11-22,2022020295,Toronto Maple Leafs,New York Islanders,2.0,3.0,0.0,,
295,2022-11-22,2022020296,St. Louis Blues,Anaheim Ducks,3.0,1.0,1.0,,
296,2022-11-22,2022020297,Nashville Predators,Arizona Coyotes,4.0,3.0,1.0,,
297,2022-11-22,2022020298,Dallas Stars,Colorado Avalanche,2.0,3.0,0.0,,
298,2022-11-22,2022020299,San Jose Sharks,Ottawa Senators,5.0,1.0,1.0,,
299,2022-11-22,2022020300,Vancouver Canucks,Vegas Golden Knights,4.0,5.0,0.0,,
300,2022-11-23,2022020301,Montreal Canadiens,Buffalo Sabres,2.0,7.0,0.0,,
301,2022-11-23,2022020302,Los Angeles Kings,New York Rangers,3.0,5.0,0.0,,
302,2022-11-24,2022020309,Minnesota Wild,Winnipeg Jets,6.0,1.0,1.0,,
303,2022-11-24,2022020303,Carolina Hurricanes,Arizona Coyotes,0.0,4.0,0.0,,
304,2022-11-24,2022020304,Florida Panthers,Boston Bruins,5.0,2.0,1.0,,
305,2022-11-24,2022020305,Pittsburgh Penguins,Calgary Flames,2.0,1.0,1.0,,
306,2022-11-24,2022020306,Columbus Blue Jackets,Montreal Canadiens,1.0,3.0,0.0,,
307,2022-11-24,2022020307,Buffalo Sabres,St. Louis Blues,6.0,2.0,1.0,,
308,2022-11-24,2022020308,New Jersey Devils,Toronto Maple Leafs,1.0,2.0,0.0,,
309,2022-11-24,2022020311,Detroit Red Wings,Nashville Predators,3.0,0.0,1.0,,
310,2022-11-24,2022020310,New York Islanders,Edmonton Oilers,3.0,0.0,1.0,,
311,2022-11-24,2022020312,Washington Capitals,Philadelphia Flyers,3.0,2.0,1.0,,
312,2022-11-24,2022020313,Dallas Stars,Chicago Blackhawks,6.0,4.0,1.0,,
313,2022-11-24,2022020314,Anaheim Ducks,New York Rangers,3.0,2.0,1.0,,
314,2022-11-24,2022020315,Vegas Golden Knights,Ottawa Senators,4.0,1.0,1.0,,
315,2022-11-24,2022020316,Seattle Kraken,San Jose Sharks,8.0,5.0,1.0,,
316,2022-11-24,2022020317,Colorado Avalanche,Vancouver Canucks,3.0,4.0,0.0,,
317,2022-11-25,2022020318,Boston Bruins,Carolina Hurricanes,3.0,2.0,1.0,,
318,2022-11-25,2022020320,Nashville Predators,Colorado Avalanche,,,,,
319,2022-11-25,2022020321,Chicago Blackhawks,Montreal Canadiens,2.0,3.0,0.0,,
320,2022-11-25,2022020322,Minnesota Wild,Toronto Maple Leafs,3.0,4.0,0.0,,
321,2022-11-25,2022020319,Washington Capitals,Calgary Flames,3.0,0.0,1.0,,
322,2022-11-25,2022020323,Anaheim Ducks,Ottawa Senators,1.0,5.0,0.0,,
323,2022-11-25,2022020324,Philadelphia Flyers,Pittsburgh Penguins,1.0,4.0,0.0,,
324,2022-11-26,2022020329,Vegas Golden Knights,Seattle Kraken,2.0,4.0,0.0,,
325,2022-11-26,2022020325,Detroit Red Wings,Arizona Coyotes,4.0,3.0,1.0,,
326,2022-11-26,2022020326,Columbus Blue Jackets,New York Islanders,2.0,3.0,0.0,,
327,2022-11-26,2022020327,Buffalo Sabres,New Jersey Devils,1.0,3.0,0.0,,
328,2022-11-26,2022020328,Tampa Bay Lightning,St. Louis Blues,5.0,2.0,1.0,,
329,2022-11-26,2022020330,Dallas Stars,Winnipeg Jets,4.0,5.0,0.0,,
330,2022-11-26,2022020331,San Jose Sharks,Los Angeles Kings,2.0,5.0,0.0,,
331,2022-11-26,2022020332,New York Rangers,Edmonton Oilers,,,,,
332,2022-11-26,2022020333,Carolina Hurricanes,Calgary Flames,,,,,
333,2022-11-26,2022020334,Florida Panthers,St. Louis Blues,,,,,
334,2022-11-27,2022020335,Pittsburgh Penguins,Toronto Maple Leafs,,,,,
335,2022-11-27,2022020336,New Jersey Devils,Washington Capitals,,,,,
336,2022-11-27,2022020337,New York Islanders,Philadelphia Flyers,,,,,
337,2022-11-27,2022020338,Nashville Predators,Columbus Blue Jackets,,,,,
338,2022-11-27,2022020339,Colorado Avalanche,Dallas Stars,,,,,
339,2022-11-27,2022020340,Vegas Golden Knights,Vancouver Canucks,,,,,
340,2022-11-27,2022020341,Minnesota Wild,Arizona Coyotes,,,,,
341,2022-11-28,2022020342,Chicago Blackhawks,Winnipeg Jets,,,,,
342,2022-11-28,2022020343,Anaheim Ducks,Seattle Kraken,,,,,
343,2022-11-28,2022020344,San Jose Sharks,Vancouver Canucks,,,,,
344,2022-11-28,2022020345,Los Angeles Kings,Ottawa Senators,,,,,
345,2022-11-29,2022020346,New York Rangers,New Jersey Devils,,,,,
346,2022-11-29,2022020347,Buffalo Sabres,Tampa Bay Lightning,,,,,
347,2022-11-29,2022020348,Detroit Red Wings,Toronto Maple Leafs,,,,,
348,2022-11-29,2022020349,Columbus Blue Jackets,Vegas Golden Knights,,,,,
349,2022-11-29,2022020350,St. Louis Blues,Dallas Stars,,,,,
350,2022-11-29,2022020351,Edmonton Oilers,Florida Panthers,,,,,
351,2022-11-30,2022020352,Pittsburgh Penguins,Carolina Hurricanes,,,,,
352,2022-11-30,2022020354,Montreal Canadiens,San Jose Sharks,,,,,
353,2022-11-30,2022020355,Boston Bruins,Tampa Bay Lightning,,,,,
354,2022-11-30,2022020353,Philadelphia Flyers,New York Islanders,,,,,
355,2022-11-30,2022020356,Nashville Predators,Anaheim Ducks,,,,,
356,2022-11-30,2022020357,Winnipeg Jets,Colorado Avalanche,,,,,
357,2022-11-30,2022020358,Calgary Flames,Florida Panthers,,,,,
358,2022-11-30,2022020359,Vancouver Canucks,Washington Capitals,,,,,
359,2022-11-30,2022020360,Los Angeles Kings,Seattle Kraken,,,,,
360,2022-12-01,2022020361,Detroit Red Wings,Buffalo Sabres,,,,,
361,2022-12-01,2022020362,Ottawa Senators,New York Rangers,,,,,
362,2022-12-01,2022020363,Toronto Maple Leafs,San Jose Sharks,,,,,
363,2022-12-01,2022020364,Chicago Blackhawks,Edmonton Oilers,,,,,
364,2022-12-02,2022020365,Buffalo Sabres,Colorado Avalanche,,,,,
365,2022-12-02,2022020366,New Jersey Devils,Nashville Predators,,,,,
366,2022-12-02,2022020367,Philadelphia Flyers,Tampa Bay Lightning,,,,,
367,2022-12-02,2022020368,Pittsburgh Penguins,Vegas Golden Knights,,,,,
368,2022-12-02,2022020369,St. Louis Blues,Carolina Hurricanes,,,,,
369,2022-12-02,2022020370,Minnesota Wild,Edmonton Oilers,,,,,
370,2022-12-02,2022020371,Dallas Stars,Anaheim Ducks,,,,,
371,2022-12-02,2022020372,Calgary Flames,Montreal Canadiens,,,,,
372,2022-12-02,2022020373,Vancouver Canucks,Florida Panthers,,,,,
373,2022-12-02,2022020374,Seattle Kraken,Washington Capitals,,,,,
374,2022-12-02,2022020375,Los Angeles Kings,Arizona Coyotes,,,,,
375,2022-12-03,2022020376,New York Rangers,Ottawa Senators,,,,,
376,2022-12-03,2022020377,New York Islanders,Nashville Predators,,,,,
377,2022-12-03,2022020378,Winnipeg Jets,Columbus Blue Jackets,,,,,
378,2022-12-03,2022020379,Minnesota Wild,Anaheim Ducks,,,,,
379,2022-12-04,2022020381,Edmonton Oilers,Montreal Canadiens,,,,,
380,2022-12-04,2022020380,Boston Bruins,Colorado Avalanche,,,,,
381,2022-12-04,2022020382,Philadelphia Flyers,New Jersey Devils,,,,,
382,2022-12-04,2022020383,Ottawa Senators,San Jose Sharks,,,,,
383,2022-12-04,2022020384,Pittsburgh Penguins,St. Louis Blues,,,,,
384,2022-12-04,2022020385,Tampa Bay Lightning,Toronto Maple Leafs,,,,,
385,2022-12-04,2022020386,Detroit Red Wings,Vegas Golden Knights,,,,,
386,2022-12-04,2022020387,New York Rangers,Chicago Blackhawks,,,,,
387,2022-12-04,2022020388,Vancouver Canucks,Arizona Coyotes,,,,,
388,2022-12-04,2022020389,Seattle Kraken,Florida Panthers,,,,,
389,2022-12-04,2022020390,Calgary Flames,Washington Capitals,,,,,
390,2022-12-04,2022020391,Los Angeles Kings,Carolina Hurricanes,,,,,
391,2022-12-04,2022020392,Winnipeg Jets,Anaheim Ducks,,,,,
392,2022-12-04,2022020393,Dallas Stars,Minnesota Wild,,,,,
393,2022-12-04,2022020394,Columbus Blue Jackets,Detroit Red Wings,,,,,
394,2022-12-05,2022020395,Buffalo Sabres,San Jose Sharks,,,,,
395,2022-12-05,2022020396,New York Islanders,Chicago Blackhawks,,,,,
396,2022-12-06,2022020397,Philadelphia Flyers,Colorado Avalanche,,,,,
397,2022-12-06,2022020398,New York Rangers,St. Louis Blues,,,,,
398,2022-12-06,2022020399,Boston Bruins,Vegas Golden Knights,,,,,
399,2022-12-06,2022020400,Edmonton Oilers,Washington Capitals,,,,,
400,2022-12-06,2022020401,Calgary Flames,Arizona Coyotes,,,,,
401,2022-12-06,2022020402,Vancouver Canucks,Montreal Canadiens,,,,,
402,2022-12-07,2022020403,New Jersey Devils,Chicago Blackhawks,,,,,
403,2022-12-07,2022020404,Pittsburgh Penguins,Columbus Blue Jackets,,,,,
404,2022-12-07,2022020405,Tampa Bay Lightning,Detroit Red Wings,,,,,
405,2022-12-07,2022020406,Ottawa Senators,Los Angeles Kings,,,,,
406,2022-12-07,2022020407,New York Islanders,St. Louis Blues,,,,,
407,2022-12-07,2022020408,Winnipeg Jets,Florida Panthers,,,,,
408,2022-12-07,2022020409,Dallas Stars,Toronto Maple Leafs,,,,,
409,2022-12-07,2022020410,Anaheim Ducks,Carolina Hurricanes,,,,,
410,2022-12-07,2022020411,Seattle Kraken,Montreal Canadiens,,,,,
411,2022-12-08,2022020413,Philadelphia Flyers,Washington Capitals,,,,,
412,2022-12-08,2022020412,Columbus Blue Jackets,Buffalo Sabres,,,,,
413,2022-12-08,2022020414,Calgary Flames,Minnesota Wild,,,,,
414,2022-12-08,2022020415,Colorado Avalanche,Boston Bruins,,,,,
415,2022-12-08,2022020416,Edmonton Oilers,Arizona Coyotes,,,,,
416,2022-12-08,2022020417,Vegas Golden Knights,New York Rangers,,,,,
417,2022-12-08,2022020418,San Jose Sharks,Vancouver Canucks,,,,,
418,2022-12-09,2022020420,Toronto Maple Leafs,Los Angeles Kings,,,,,
419,2022-12-09,2022020421,Tampa Bay Lightning,Nashville Predators,,,,,
420,2022-12-09,2022020419,Florida Panthers,Detroit Red Wings,,,,,
421,2022-12-09,2022020422,St. Louis Blues,Winnipeg Jets,,,,,
422,2022-12-09,2022020423,Dallas Stars,Ottawa Senators,,,,,
423,2022-12-10,2022020424,Columbus Blue Jackets,Calgary Flames,,,,,
424,2022-12-10,2022020425,New Jersey Devils,New York Islanders,,,,,
425,2022-12-10,2022020426,Buffalo Sabres,Pittsburgh Penguins,,,,,
426,2022-12-10,2022020427,Washington Capitals,Seattle Kraken,,,,,
427,2022-12-10,2022020428,Chicago Blackhawks,Winnipeg Jets,,,,,
428,2022-12-10,2022020429,Edmonton Oilers,Minnesota Wild,,,,,
429,2022-12-10,2022020430,Colorado Avalanche,New York Rangers,,,,,
430,2022-12-10,2022020431,Arizona Coyotes,Boston Bruins,,,,,
431,2022-12-10,2022020432,Vegas Golden Knights,Philadelphia Flyers,,,,,
432,2022-12-10,2022020433,Anaheim Ducks,San Jose Sharks,,,,,
433,2022-12-10,2022020434,Nashville Predators,Ottawa Senators,,,,,
434,2022-12-10,2022020435,Dallas Stars,Detroit Red Wings,,,,,
435,2022-12-10,2022020436,Tampa Bay Lightning,Florida Panthers,,,,,
436,2022-12-11,2022020437,Pittsburgh Penguins,Buffalo Sabres,,,,,
437,2022-12-11,2022020438,Toronto Maple Leafs,Calgary Flames,,,,,
438,2022-12-11,2022020439,Montreal Canadiens,Los Angeles Kings,,,,,
439,2022-12-11,2022020440,New York Islanders,Carolina Hurricanes,,,,,
440,2022-12-11,2022020441,Vancouver Canucks,Minnesota Wild,,,,,
441,2022-12-11,2022020442,St. Louis Blues,Colorado Avalanche,,,,,
442,2022-12-11,2022020443,Columbus Blue Jackets,Los Angeles Kings,,,,,
443,2022-12-11,2022020444,Florida Panthers,Seattle Kraken,,,,,
444,2022-12-12,2022020445,Arizona Coyotes,Philadelphia Flyers,,,,,
445,2022-12-12,2022020446,Winnipeg Jets,Washington Capitals,,,,,
446,2022-12-12,2022020447,Vegas Golden Knights,Boston Bruins,,,,,
447,2022-12-13,2022020448,Montreal Canadiens,Calgary Flames,,,,,
448,2022-12-13,2022020449,Pittsburgh Penguins,Dallas Stars,,,,,
449,2022-12-13,2022020450,New York Rangers,New Jersey Devils,,,,,
450,2022-12-13,2022020451,Ottawa Senators,Anaheim Ducks,,,,,
451,2022-12-13,2022020452,Minnesota Wild,Edmonton Oilers,,,,,
452,2022-12-13,2022020453,St. Louis Blues,Nashville Predators,,,,,
453,2022-12-14,2022020454,Toronto Maple Leafs,Anaheim Ducks,,,,,
454,2022-12-14,2022020455,Florida Panthers,Columbus Blue Jackets,,,,,
455,2022-12-14,2022020456,New Jersey Devils,Dallas Stars,,,,,
456,2022-12-14,2022020457,Buffalo Sabres,Los Angeles Kings,,,,,
457,2022-12-14,2022020458,Boston Bruins,New York Islanders,,,,,
458,2022-12-14,2022020459,Tampa Bay Lightning,Seattle Kraken,,,,,
459,2022-12-14,2022020460,Detroit Red Wings,Carolina Hurricanes,,,,,
460,2022-12-14,2022020461,Nashville Predators,Edmonton Oilers,,,,,
461,2022-12-14,2022020462,Winnipeg Jets,Vegas Golden Knights,,,,,
462,2022-12-14,2022020463,Chicago Blackhawks,Washington Capitals,,,,,
463,2022-12-14,2022020464,Colorado Avalanche,Philadelphia Flyers,,,,,
464,2022-12-14,2022020465,San Jose Sharks,Arizona Coyotes,,,,,
465,2022-12-15,2022020466,Ottawa Senators,Montreal Canadiens,,,,,
466,2022-12-15,2022020467,Minnesota Wild,Detroit Red Wings,,,,,
467,2022-12-15,2022020468,Calgary Flames,Vancouver Canucks,,,,,
468,2022-12-16,2022020469,Montreal Canadiens,Anaheim Ducks,,,,,
469,2022-12-16,2022020470,Tampa Bay Lightning,Columbus Blue Jackets,,,,,
470,2022-12-16,2022020471,Washington Capitals,Dallas Stars,,,,,
471,2022-12-16,2022020472,Boston Bruins,Los Angeles Kings,,,,,
472,2022-12-16,2022020473,New Jersey Devils,Philadelphia Flyers,,,,,
473,2022-12-16,2022020474,Florida Panthers,Pittsburgh Penguins,,,,,
474,2022-12-16,2022020475,Carolina Hurricanes,Seattle Kraken,,,,,
475,2022-12-16,2022020476,New York Rangers,Toronto Maple Leafs,,,,,
476,2022-12-16,2022020477,Winnipeg Jets,Nashville Predators,,,,,
477,2022-12-16,2022020478,Chicago Blackhawks,Vegas Golden Knights,,,,,
478,2022-12-16,2022020479,Colorado Avalanche,Buffalo Sabres,,,,,
479,2022-12-16,2022020480,Edmonton Oilers,St. Louis Blues,,,,,
480,2022-12-17,2022020481,Minnesota Wild,Chicago Blackhawks,,,,,
481,2022-12-17,2022020482,Calgary Flames,St. Louis Blues,,,,,
482,2022-12-17,2022020483,Arizona Coyotes,New York Islanders,,,,,
483,2022-12-17,2022020484,Boston Bruins,Columbus Blue Jackets,,,,,
484,2022-12-17,2022020485,Detroit Red Wings,Ottawa Senators,,,,,
485,2022-12-17,2022020486,Edmonton Oilers,Anaheim Ducks,,,,,
486,2022-12-18,2022020487,Carolina Hurricanes,Dallas Stars,,,,,
487,2022-12-18,2022020489,Philadelphia Flyers,New York Rangers,,,,,
488,2022-12-18,2022020490,Montreal Canadiens,Tampa Bay Lightning,,,,,
489,2022-12-18,2022020491,Washington Capitals,Toronto Maple Leafs,,,,,
490,2022-12-18,2022020488,New Jersey Devils,Florida Panthers,,,,,
491,2022-12-18,2022020492,Arizona Coyotes,Buffalo Sabres,,,,,
492,2022-12-18,2022020493,Colorado Avalanche,Nashville Predators,,,,,
493,2022-12-18,2022020494,Vegas Golden Knights,New York Islanders,,,,,
494,2022-12-18,2022020495,Vancouver Canucks,Winnipeg Jets,,,,,
495,2022-12-18,2022020496,Los Angeles Kings,San Jose Sharks,,,,,
496,2022-12-18,2022020497,Minnesota Wild,Ottawa Senators,,,,,
497,2022-12-18,2022020498,Carolina Hurricanes,Pittsburgh Penguins,,,,,
498,2022-12-19,2022020499,Chicago Blackhawks,New York Rangers,,,,,
499,2022-12-19,2022020500,Seattle Kraken,Winnipeg Jets,,,,,
500,2022-12-19,2022020501,San Jose Sharks,Calgary Flames,,,,,
501,2022-12-20,2022020502,Columbus Blue Jackets,Dallas Stars,,,,,
502,2022-12-20,2022020503,Washington Capitals,Detroit Red Wings,,,,,
503,2022-12-20,2022020504,Boston Bruins,Florida Panthers,,,,,
504,2022-12-20,2022020505,Nashville Predators,Edmonton Oilers,,,,,
505,2022-12-20,2022020506,Colorado Avalanche,New York Islanders,,,,,
506,2022-12-20,2022020507,Vegas Golden Knights,Buffalo Sabres,,,,,
507,2022-12-20,2022020508,Arizona Coyotes,Montreal Canadiens,,,,,
508,2022-12-20,2022020509,Vancouver Canucks,St. Louis Blues,,,,,
509,2022-12-21,2022020510,Philadelphia Flyers,Columbus Blue Jackets,,,,,
510,2022-12-21,2022020511,Pittsburgh Penguins,New York Rangers,,,,,
511,2022-12-21,2022020512,Carolina Hurricanes,New Jersey Devils,,,,,
512,2022-12-21,2022020513,Toronto Maple Leafs,Tampa Bay Lightning,,,,,
513,2022-12-21,2022020514,Winnipeg Jets,Ottawa Senators,,,,,
514,2022-12-21,2022020515,Seattle Kraken,St. Louis Blues,,,,,
515,2022-12-21,2022020516,Los Angeles Kings,Anaheim Ducks,,,,,
516,2022-12-21,2022020517,San Jose Sharks,Calgary Flames,,,,,
517,2022-12-22,2022020518,Florida Panthers,New Jersey Devils,,,,,
518,2022-12-22,2022020519,Detroit Red Wings,Tampa Bay Lightning,,,,,
519,2022-12-22,2022020520,Colorado Avalanche,Montreal Canadiens,,,,,
520,2022-12-22,2022020521,Chicago Blackhawks,Nashville Predators,,,,,
521,2022-12-22,2022020522,Dallas Stars,Edmonton Oilers,,,,,
522,2022-12-22,2022020523,Vegas Golden Knights,Arizona Coyotes,,,,,
523,2022-12-22,2022020524,Anaheim Ducks,Minnesota Wild,,,,,
524,2022-12-22,2022020525,Toronto Maple Leafs,Philadelphia Flyers,,,,,
525,2022-12-23,2022020526,Pittsburgh Penguins,Carolina Hurricanes,,,,,
526,2022-12-23,2022020527,New York Rangers,New York Islanders,,,,,
527,2022-12-23,2022020528,Ottawa Senators,Washington Capitals,,,,,
528,2022-12-23,2022020529,Boston Bruins,Winnipeg Jets,,,,,
529,2022-12-23,2022020530,Vancouver Canucks,Seattle Kraken,,,,,
530,2022-12-23,2022020531,Los Angeles Kings,Calgary Flames,,,,,
531,2022-12-23,2022020532,San Jose Sharks,Minnesota Wild,,,,,
532,2022-12-24,2022020533,New Jersey Devils,Boston Bruins,,,,,
533,2022-12-24,2022020534,Ottawa Senators,Detroit Red Wings,,,,,
534,2022-12-24,2022020535,Carolina Hurricanes,Philadelphia Flyers,,,,,
535,2022-12-24,2022020536,Buffalo Sabres,Tampa Bay Lightning,,,,,
536,2022-12-24,2022020537,Washington Capitals,Winnipeg Jets,,,,,
537,2022-12-24,2022020538,New York Islanders,Florida Panthers,,,,,
538,2022-12-24,2022020539,Nashville Predators,Colorado Avalanche,,,,,
539,2022-12-24,2022020540,Chicago Blackhawks,Columbus Blue Jackets,,,,,
540,2022-12-24,2022020541,Dallas Stars,Montreal Canadiens,,,,,
541,2022-12-24,2022020542,Edmonton Oilers,Vancouver Canucks,,,,,
542,2022-12-24,2022020543,Arizona Coyotes,Los Angeles Kings,,,,,
543,2022-12-24,2022020545,Vegas Golden Knights,St. Louis Blues,,,,,
544,2022-12-24,2022020544,Anaheim Ducks,Calgary Flames,,,,,
545,2022-12-28,2022020546,Ottawa Senators,Boston Bruins,,,,,
546,2022-12-28,2022020548,Carolina Hurricanes,Chicago Blackhawks,,,,,
547,2022-12-28,2022020549,New York Rangers,Washington Capitals,,,,,
548,2022-12-28,2022020547,Columbus Blue Jackets,Buffalo Sabres,,,,,
549,2022-12-28,2022020550,New York Islanders,Pittsburgh Penguins,,,,,
550,2022-12-28,2022020551,Nashville Predators,Dallas Stars,,,,,
551,2022-12-28,2022020552,Winnipeg Jets,Minnesota Wild,,,,,
552,2022-12-28,2022020553,St. Louis Blues,Toronto Maple Leafs,,,,,
553,2022-12-28,2022020554,Arizona Coyotes,Colorado Avalanche,,,,,
554,2022-12-28,2022020555,Calgary Flames,Edmonton Oilers,,,,,
555,2022-12-28,2022020556,Vancouver Canucks,San Jose Sharks,,,,,
556,2022-12-28,2022020557,Los Angeles Kings,Vegas Golden Knights,,,,,
557,2022-12-29,2022020558,New Jersey Devils,Boston Bruins,,,,,
558,2022-12-29,2022020559,Tampa Bay Lightning,Montreal Canadiens,,,,,
559,2022-12-29,2022020560,Pittsburgh Penguins,Detroit Red Wings,,,,,
560,2022-12-29,2022020561,Seattle Kraken,Calgary Flames,,,,,
561,2022-12-29,2022020562,Anaheim Ducks,Vegas Golden Knights,,,,,
562,2022-12-30,2022020563,Buffalo Sabres,Detroit Red Wings,,,,,
563,2022-12-30,2022020564,Florida Panthers,Montreal Canadiens,,,,,
564,2022-12-30,2022020565,Tampa Bay Lightning,New York Rangers,,,,,
565,2022-12-30,2022020566,Washington Capitals,Ottawa Senators,,,,,
566,2022-12-30,2022020567,New York Islanders,Columbus Blue Jackets,,,,,
567,2022-12-30,2022020568,St. Louis Blues,Chicago Blackhawks,,,,,
568,2022-12-30,2022020569,Minnesota Wild,Dallas Stars,,,,,
569,2022-12-30,2022020570,Winnipeg Jets,Vancouver Canucks,,,,,
570,2022-12-30,2022020571,Colorado Avalanche,Los Angeles Kings,,,,,
571,2022-12-30,2022020572,Arizona Coyotes,Toronto Maple Leafs,,,,,
572,2022-12-30,2022020573,San Jose Sharks,Philadelphia Flyers,,,,,
573,2022-12-30,2022020574,Anaheim Ducks,Nashville Predators,,,,,
574,2022-12-31,2022020576,Pittsburgh Penguins,New Jersey Devils,,,,,
575,2022-12-31,2022020575,Carolina Hurricanes,Florida Panthers,,,,,
576,2022-12-31,2022020577,Seattle Kraken,Edmonton Oilers,,,,,
577,2022-12-31,2022020578,Boston Bruins,Buffalo Sabres,,,,,
578,2022-12-31,2022020579,Vegas Golden Knights,Nashville Predators,,,,,
579,2022-12-31,2022020581,Los Angeles Kings,Philadelphia Flyers,,,,,
580,2022-12-31,2022020580,Washington Capitals,Montreal Canadiens,,,,,
581,2022-12-31,2022020582,Tampa Bay Lightning,Arizona Coyotes,,,,,
582,2022-12-31,2022020589,St. Louis Blues,Minnesota Wild,,,,,
583,2023-01-01,2022020585,Colorado Avalanche,Toronto Maple Leafs,,,,,
584,2023-01-01,2022020583,Columbus Blue Jackets,Chicago Blackhawks,,,,,
585,2023-01-01,2022020584,Detroit Red Wings,Ottawa Senators,,,,,
586,2023-01-01,2022020586,Dallas Stars,San Jose Sharks,,,,,
587,2023-01-01,2022020587,Calgary Flames,Vancouver Canucks,,,,,
588,2023-01-01,2022020588,Edmonton Oilers,Winnipeg Jets,,,,,
589,2023-01-01,2022020590,New Jersey Devils,Carolina Hurricanes,,,,,
590,2023-01-01,2022020591,Florida Panthers,New York Rangers,,,,,
591,2023-01-02,2022020593,Chicago Blackhawks,San Jose Sharks,,,,,
592,2023-01-02,2022020592,Ottawa Senators,Buffalo Sabres,,,,,
593,2023-01-02,2022020594,Seattle Kraken,New York Islanders,,,,,
594,2023-01-02,2022020595,Boston Bruins,Pittsburgh Penguins,,,,,
595,2023-01-03,2022020596,Colorado Avalanche,Vegas Golden Knights,,,,,
596,2023-01-03,2022020597,Anaheim Ducks,Philadelphia Flyers,,,,,
597,2023-01-04,2022020598,Florida Panthers,Arizona Coyotes,,,,,
598,2023-01-04,2022020599,Washington Capitals,Buffalo Sabres,,,,,
599,2023-01-04,2022020600,New York Rangers,Carolina Hurricanes,,,,,
600,2023-01-04,2022020601,Ottawa Senators,Columbus Blue Jackets,,,,,
601,2023-01-04,2022020602,Toronto Maple Leafs,St. Louis Blues,,,,,
602,2023-01-04,2022020603,Winnipeg Jets,Calgary Flames,,,,,
603,2023-01-04,2022020604,Nashville Predators,Montreal Canadiens,,,,,
604,2023-01-04,2022020605,Chicago Blackhawks,Tampa Bay Lightning,,,,,
605,2023-01-04,2022020606,Edmonton Oilers,Seattle Kraken,,,,,
606,2023-01-04,2022020607,Vancouver Canucks,New York Islanders,,,,,
607,2023-01-04,2022020608,Los Angeles Kings,Dallas Stars,,,,,
608,2023-01-05,2022020609,Detroit Red Wings,New Jersey Devils,,,,,
609,2023-01-05,2022020610,Minnesota Wild,Tampa Bay Lightning,,,,,
610,2023-01-05,2022020611,Anaheim Ducks,Dallas Stars,,,,,
611,2023-01-06,2022020612,Philadelphia Flyers,Arizona Coyotes,,,,,
612,2023-01-06,2022020613,Montreal Canadiens,New York Rangers,,,,,
613,2023-01-06,2022020614,Carolina Hurricanes,Nashville Predators,,,,,
614,2023-01-06,2022020615,Toronto Maple Leafs,Seattle Kraken,,,,,
615,2023-01-06,2022020616,New Jersey Devils,St. Louis Blues,,,,,
616,2023-01-06,2022020617,Columbus Blue Jackets,Washington Capitals,,,,,
617,2023-01-06,2022020618,Edmonton Oilers,New York Islanders,,,,,
618,2023-01-06,2022020619,Vancouver Canucks,Colorado Avalanche,,,,,
619,2023-01-06,2022020620,Vegas Golden Knights,Pittsburgh Penguins,,,,,
620,2023-01-06,2022020621,Los Angeles Kings,Boston Bruins,,,,,
621,2023-01-07,2022020622,Washington Capitals,Nashville Predators,,,,,
622,2023-01-07,2022020623,Detroit Red Wings,Florida Panthers,,,,,
623,2023-01-07,2022020624,Winnipeg Jets,Tampa Bay Lightning,,,,,
624,2023-01-07,2022020625,Chicago Blackhawks,Arizona Coyotes,,,,,
625,2023-01-07,2022020626,Calgary Flames,New York Islanders,,,,,
626,2023-01-07,2022020627,Anaheim Ducks,San Jose Sharks,,,,,
627,2023-01-07,2022020628,New Jersey Devils,New York Rangers,,,,,
628,2023-01-07,2022020629,Columbus Blue Jackets,Carolina Hurricanes,,,,,
629,2023-01-08,2022020630,Toronto Maple Leafs,Detroit Red Wings,,,,,
630,2023-01-08,2022020631,Buffalo Sabres,Minnesota Wild,,,,,
631,2023-01-08,2022020632,Ottawa Senators,Seattle Kraken,,,,,
632,2023-01-08,2022020633,Montreal Canadiens,St. Louis Blues,,,,,
633,2023-01-08,2022020635,Vegas Golden Knights,Los Angeles Kings,,,,,
634,2023-01-08,2022020634,Edmonton Oilers,Colorado Avalanche,,,,,
635,2023-01-08,2022020636,San Jose Sharks,Boston Bruins,,,,,
636,2023-01-08,2022020638,Winnipeg Jets,Vancouver Canucks,,,,,
637,2023-01-08,2022020637,Dallas Stars,Florida Panthers,,,,,
638,2023-01-08,2022020639,Washington Capitals,Columbus Blue Jackets,,,,,
639,2023-01-09,2022020641,Arizona Coyotes,Pittsburgh Penguins,,,,,
640,2023-01-09,2022020640,Chicago Blackhawks,Calgary Flames,,,,,
641,2023-01-09,2022020642,Minnesota Wild,St. Louis Blues,,,,,
642,2023-01-09,2022020643,Philadelphia Flyers,Toronto Maple Leafs,,,,,
643,2023-01-09,2022020644,Anaheim Ducks,Boston Bruins,,,,,
644,2023-01-10,2022020645,Ottawa Senators,Nashville Predators,,,,,
645,2023-01-10,2022020646,Montreal Canadiens,Seattle Kraken,,,,,
646,2023-01-10,2022020647,Los Angeles Kings,Edmonton Oilers,,,,,
647,2023-01-11,2022020648,Tampa Bay Lightning,Columbus Blue Jackets,,,,,
648,2023-01-11,2022020649,New York Rangers,Minnesota Wild,,,,,
649,2023-01-11,2022020650,Carolina Hurricanes,New Jersey Devils,,,,,
650,2023-01-11,2022020651,Buffalo Sabres,Seattle Kraken,,,,,
651,2023-01-11,2022020652,Pittsburgh Penguins,Vancouver Canucks,,,,,
652,2023-01-11,2022020654,Detroit Red Wings,Winnipeg Jets,,,,,
653,2023-01-11,2022020653,New York Islanders,Dallas Stars,,,,,
654,2023-01-11,2022020655,St. Louis Blues,Calgary Flames,,,,,
655,2023-01-11,2022020656,Colorado Avalanche,Florida Panthers,,,,,
656,2023-01-11,2022020657,Arizona Coyotes,San Jose Sharks,,,,,
657,2023-01-12,2022020659,Philadelphia Flyers,Washington Capitals,,,,,
658,2023-01-12,2022020658,Toronto Maple Leafs,Nashville Predators,,,,,
659,2023-01-12,2022020660,Anaheim Ducks,Edmonton Oilers,,,,,
660,2023-01-12,2022020661,Los Angeles Kings,San Jose Sharks,,,,,
661,2023-01-13,2022020662,Columbus Blue Jackets,Carolina Hurricanes,,,,,
662,2023-01-13,2022020663,New York Rangers,Dallas Stars,,,,,
663,2023-01-13,2022020664,Montreal Canadiens,Nashville Predators,,,,,
664,2023-01-13,2022020665,Boston Bruins,Seattle Kraken,,,,,
665,2023-01-13,2022020666,Detroit Red Wings,Toronto Maple Leafs,,,,,
666,2023-01-13,2022020667,Tampa Bay Lightning,Vancouver Canucks,,,,,
667,2023-01-13,2022020668,Buffalo Sabres,Winnipeg Jets,,,,,
668,2023-01-13,2022020669,New York Islanders,Minnesota Wild,,,,,
669,2023-01-13,2022020670,St. Louis Blues,Calgary Flames,,,,,
670,2023-01-13,2022020671,Chicago Blackhawks,Colorado Avalanche,,,,,
671,2023-01-13,2022020672,Arizona Coyotes,Ottawa Senators,,,,,
672,2023-01-13,2022020673,Vegas Golden Knights,Florida Panthers,,,,,
673,2023-01-14,2022020674,Pittsburgh Penguins,Winnipeg Jets,,,,,
674,2023-01-14,2022020675,Anaheim Ducks,New Jersey Devils,,,,,
675,2023-01-14,2022020676,San Jose Sharks,Edmonton Oilers,,,,,
676,2023-01-14,2022020677,Dallas Stars,Calgary Flames,,,,,
677,2023-01-15,2022020680,Colorado Avalanche,Ottawa Senators,,,,,
678,2023-01-15,2022020678,Detroit Red Wings,Columbus Blue Jackets,,,,,
679,2023-01-15,2022020679,New York Islanders,Montreal Canadiens,,,,,
680,2023-01-15,2022020681,Washington Capitals,Philadelphia Flyers,,,,,
681,2023-01-15,2022020682,Carolina Hurricanes,Pittsburgh Penguins,,,,,
682,2023-01-15,2022020683,Boston Bruins,Toronto Maple Leafs,,,,,
683,2023-01-15,2022020684,Florida Panthers,Vancouver Canucks,,,,,
684,2023-01-15,2022020685,Minnesota Wild,Arizona Coyotes,,,,,
685,2023-01-15,2022020686,Nashville Predators,Buffalo Sabres,,,,,
686,2023-01-15,2022020687,Chicago Blackhawks,Seattle Kraken,,,,,
687,2023-01-15,2022020688,St. Louis Blues,Tampa Bay Lightning,,,,,
688,2023-01-15,2022020689,Vegas Golden Knights,Edmonton Oilers,,,,,
689,2023-01-15,2022020690,Los Angeles Kings,New Jersey Devils,,,,,
690,2023-01-15,2022020691,New York Rangers,Montreal Canadiens,,,,,
691,2023-01-15,2022020692,Carolina Hurricanes,Vancouver Canucks,,,,,
692,2023-01-16,2022020693,Winnipeg Jets,Arizona Coyotes,,,,,
693,2023-01-16,2022020694,Buffalo Sabres,Florida Panthers,,,,,
694,2023-01-16,2022020695,Boston Bruins,Philadelphia Flyers,,,,,
695,2023-01-16,2022020696,Colorado Avalanche,Detroit Red Wings,,,,,
696,2023-01-16,2022020697,San Jose Sharks,New Jersey Devils,,,,,
697,2023-01-16,2022020698,Seattle Kraken,Tampa Bay Lightning,,,,,
698,2023-01-16,2022020699,Vegas Golden Knights,Dallas Stars,,,,,
699,2023-01-17,2022020700,Pittsburgh Penguins,Anaheim Ducks,,,,,
700,2023-01-17,2022020701,Columbus Blue Jackets,New York Rangers,,,,,
701,2023-01-17,2022020702,New York Islanders,Washington Capitals,,,,,
702,2023-01-17,2022020703,Nashville Predators,Calgary Flames,,,,,
703,2023-01-17,2022020704,St. Louis Blues,Ottawa Senators,,,,,
704,2023-01-18,2022020705,Philadelphia Flyers,Anaheim Ducks,,,,,
705,2023-01-18,2022020706,Toronto Maple Leafs,Florida Panthers,,,,,
706,2023-01-18,2022020707,Washington Capitals,Minnesota Wild,,,,,
707,2023-01-18,2022020708,Montreal Canadiens,Winnipeg Jets,,,,,
708,2023-01-18,2022020709,Chicago Blackhawks,Buffalo Sabres,,,,,
709,2023-01-18,2022020710,Arizona Coyotes,Detroit Red Wings,,,,,
710,2023-01-18,2022020711,Edmonton Oilers,Seattle Kraken,,,,,
711,2023-01-19,2022020712,Ottawa Senators,Pittsburgh Penguins,,,,,
712,2023-01-19,2022020713,New York Islanders,Boston Bruins,,,,,
713,2023-01-19,2022020714,Calgary Flames,Colorado Avalanche,,,,,
714,2023-01-19,2022020715,Vancouver Canucks,Tampa Bay Lightning,,,,,
715,2023-01-19,2022020716,San Jose Sharks,Dallas Stars,,,,,
716,2023-01-20,2022020717,Columbus Blue Jackets,Anaheim Ducks,,,,,
717,2023-01-20,2022020718,New York Rangers,Boston Bruins,,,,,
718,2023-01-20,2022020719,Philadelphia Flyers,Chicago Blackhawks,,,,,
719,2023-01-20,2022020720,Montreal Canadiens,Florida Panthers,,,,,
720,2023-01-20,2022020721,Carolina Hurricanes,Minnesota Wild,,,,,
721,2023-01-20,2022020722,Buffalo Sabres,New York Islanders,,,,,
722,2023-01-20,2022020723,Toronto Maple Leafs,Winnipeg Jets,,,,,
723,2023-01-20,2022020725,Edmonton Oilers,Tampa Bay Lightning,,,,,
724,2023-01-20,2022020726,Arizona Coyotes,Washington Capitals,,,,,
725,2023-01-20,2022020724,St. Louis Blues,Nashville Predators,,,,,
726,2023-01-20,2022020727,Vegas Golden Knights,Detroit Red Wings,,,,,
727,2023-01-20,2022020728,Seattle Kraken,New Jersey Devils,,,,,
728,2023-01-20,2022020729,Los Angeles Kings,Dallas Stars,,,,,
729,2023-01-21,2022020730,Pittsburgh Penguins,Ottawa Senators,,,,,
730,2023-01-21,2022020731,Vancouver Canucks,Colorado Avalanche,,,,,
731,2023-01-21,2022020732,Buffalo Sabres,Anaheim Ducks,,,,,
732,2023-01-21,2022020733,Calgary Flames,Tampa Bay Lightning,,,,,
733,2023-01-21,2022020734,Florida Panthers,Minnesota Wild,,,,,
734,2023-01-22,2022020735,Detroit Red Wings,Philadelphia Flyers,,,,,
735,2023-01-22,2022020736,Columbus Blue Jackets,San Jose Sharks,,,,,
736,2023-01-22,2022020737,Montreal Canadiens,Toronto Maple Leafs,,,,,
737,2023-01-22,2022020738,Ottawa Senators,Winnipeg Jets,,,,,
738,2023-01-22,2022020739,New York Islanders,Carolina Hurricanes,,,,,
739,2023-01-22,2022020740,Dallas Stars,Arizona Coyotes,,,,,
740,2023-01-22,2022020741,St. Louis Blues,Chicago Blackhawks,,,,,
741,2023-01-22,2022020742,Nashville Predators,Los Angeles Kings,,,,,
742,2023-01-22,2022020743,Seattle Kraken,Colorado Avalanche,,,,,
743,2023-01-22,2022020744,Vancouver Canucks,Edmonton Oilers,,,,,
744,2023-01-22,2022020745,Vegas Golden Knights,Washington Capitals,,,,,
745,2023-01-22,2022020746,New Jersey Devils,Pittsburgh Penguins,,,,,
746,2023-01-23,2022020747,Chicago Blackhawks,Los Angeles Kings,,,,,
747,2023-01-23,2022020748,Boston Bruins,San Jose Sharks,,,,,
748,2023-01-23,2022020749,Philadelphia Flyers,Winnipeg Jets,,,,,
749,2023-01-23,2022020750,Arizona Coyotes,Vegas Golden Knights,,,,,
750,2023-01-24,2022020751,New York Rangers,Florida Panthers,,,,,
751,2023-01-24,2022020752,Toronto Maple Leafs,New York Islanders,,,,,
752,2023-01-24,2022020753,Dallas Stars,Buffalo Sabres,,,,,
753,2023-01-24,2022020754,Calgary Flames,Columbus Blue Jackets,,,,,
754,2023-01-25,2022020755,Montreal Canadiens,Boston Bruins,,,,,
755,2023-01-25,2022020756,Pittsburgh Penguins,Florida Panthers,,,,,
756,2023-01-25,2022020757,Philadelphia Flyers,Los Angeles Kings,,,,,
757,2023-01-25,2022020758,Tampa Bay Lightning,Minnesota Wild,,,,,
758,2023-01-25,2022020759,New Jersey Devils,Vegas Golden Knights,,,,,
759,2023-01-25,2022020760,Detroit Red Wings,San Jose Sharks,,,,,
760,2023-01-25,2022020761,St. Louis Blues,Buffalo Sabres,,,,,
761,2023-01-25,2022020762,Nashville Predators,Winnipeg Jets,,,,,
762,2023-01-25,2022020763,Arizona Coyotes,Anaheim Ducks,,,,,
763,2023-01-25,2022020764,Colorado Avalanche,Washington Capitals,,,,,
764,2023-01-25,2022020765,Vancouver Canucks,Chicago Blackhawks,,,,,
765,2023-01-26,2022020766,Ottawa Senators,New York Islanders,,,,,
766,2023-01-26,2022020767,Toronto Maple Leafs,New York Rangers,,,,,
767,2023-01-26,2022020768,Dallas Stars,Carolina Hurricanes,,,,,
768,2023-01-26,2022020769,Edmonton Oilers,Columbus Blue Jackets,,,,,
769,2023-01-26,2022020770,Seattle Kraken,Vancouver Canucks,,,,,
770,2023-01-27,2022020771,Tampa Bay Lightning,Boston Bruins,,,,,
771,2023-01-27,2022020772,Montreal Canadiens,Detroit Red Wings,,,,,
772,2023-01-27,2022020773,Washington Capitals,Pittsburgh Penguins,,,,,
773,2023-01-27,2022020774,Winnipeg Jets,Buffalo Sabres,,,,,
774,2023-01-27,2022020775,Nashville Predators,New Jersey Devils,,,,,
775,2023-01-27,2022020778,Minnesota Wild,Philadelphia Flyers,,,,,
776,2023-01-27,2022020776,Colorado Avalanche,Anaheim Ducks,,,,,
777,2023-01-27,2022020777,Calgary Flames,Chicago Blackhawks,,,,,
778,2023-01-27,2022020779,Arizona Coyotes,St. Louis Blues,,,,,
779,2023-01-28,2022020780,New York Islanders,Detroit Red Wings,,,,,
780,2023-01-28,2022020781,Florida Panthers,Los Angeles Kings,,,,,
781,2023-01-28,2022020782,Toronto Maple Leafs,Ottawa Senators,,,,,
782,2023-01-28,2022020783,Carolina Hurricanes,San Jose Sharks,,,,,
783,2023-01-28,2022020784,New York Rangers,Vegas Golden Knights,,,,,
784,2023-01-28,2022020785,Dallas Stars,New Jersey Devils,,,,,
785,2023-01-28,2022020786,Seattle Kraken,Calgary Flames,,,,,
786,2023-01-28,2022020787,Vancouver Canucks,Columbus Blue Jackets,,,,,
787,2023-01-28,2022020788,Colorado Avalanche,St. Louis Blues,,,,,
788,2023-01-28,2022020789,Florida Panthers,Boston Bruins,,,,,
789,2023-01-29,2022020792,Winnipeg Jets,Philadelphia Flyers,,,,,
790,2023-01-29,2022020790,Tampa Bay Lightning,Los Angeles Kings,,,,,
791,2023-01-29,2022020791,Ottawa Senators,Montreal Canadiens,,,,,
792,2023-01-29,2022020793,Pittsburgh Penguins,San Jose Sharks,,,,,
793,2023-01-29,2022020794,New York Islanders,Vegas Golden Knights,,,,,
794,2023-01-29,2022020795,Minnesota Wild,Buffalo Sabres,,,,,
795,2023-01-29,2022020798,Seattle Kraken,Columbus Blue Jackets,,,,,
796,2023-01-29,2022020797,Edmonton Oilers,Chicago Blackhawks,,,,,
797,2023-01-29,2022020796,Anaheim Ducks,Arizona Coyotes,,,,,
798,2023-01-29,2022020799,Carolina Hurricanes,Boston Bruins,,,,,
799,2023-01-29,2022020800,Toronto Maple Leafs,Washington Capitals,,,,,
800,2023-01-31,2022020801,Winnipeg Jets,St. Louis Blues,,,,,
801,2023-02-01,2022020802,Carolina Hurricanes,Los Angeles Kings,,,,,
802,2023-02-01,2022020803,Montreal Canadiens,Ottawa Senators,,,,,
803,2023-02-01,2022020804,Columbus Blue Jackets,Washington Capitals,,,,,
804,2023-02-02,2022020805,Buffalo Sabres,Carolina Hurricanes,,,,,
805,2023-02-02,2022020806,Toronto Maple Leafs,Boston Bruins,,,,,
806,2023-02-07,2022020807,Philadelphia Flyers,New York Islanders,,,,,
807,2023-02-07,2022020808,Florida Panthers,Tampa Bay Lightning,,,,,
808,2023-02-07,2022020809,New York Rangers,Calgary Flames,,,,,
809,2023-02-07,2022020810,New Jersey Devils,Vancouver Canucks,,,,,
810,2023-02-07,2022020811,Dallas Stars,Anaheim Ducks,,,,,
811,2023-02-07,2022020812,Arizona Coyotes,Minnesota Wild,,,,,
812,2023-02-08,2022020813,Pittsburgh Penguins,Colorado Avalanche,,,,,
813,2023-02-08,2022020814,Tampa Bay Lightning,San Jose Sharks,,,,,
814,2023-02-08,2022020815,Detroit Red Wings,Edmonton Oilers,,,,,
815,2023-02-08,2022020816,New York Islanders,Seattle Kraken,,,,,
816,2023-02-08,2022020817,Nashville Predators,Vegas Golden Knights,,,,,
817,2023-02-08,2022020818,Chicago Blackhawks,Anaheim Ducks,,,,,
818,2023-02-09,2022020819,New York Rangers,Vancouver Canucks,,,,,
819,2023-02-09,2022020820,Dallas Stars,Minnesota Wild,,,,,
820,2023-02-10,2022020821,Tampa Bay Lightning,Colorado Avalanche,,,,,
821,2023-02-10,2022020822,Philadelphia Flyers,Edmonton Oilers,,,,,
822,2023-02-10,2022020823,Florida Panthers,San Jose Sharks,,,,,
823,2023-02-10,2022020824,New Jersey Devils,Seattle Kraken,,,,,
824,2023-02-10,2022020825,Detroit Red Wings,Calgary Flames,,,,,
825,2023-02-10,2022020826,New York Islanders,Vancouver Canucks,,,,,
826,2023-02-10,2022020827,Minnesota Wild,Vegas Golden Knights,,,,,
827,2023-02-11,2022020828,New York Rangers,Seattle Kraken,,,,,
828,2023-02-11,2022020829,Columbus Blue Jackets,Toronto Maple Leafs,,,,,
829,2023-02-11,2022020830,Chicago Blackhawks,Arizona Coyotes,,,,,
830,2023-02-11,2022020831,Anaheim Ducks,Pittsburgh Penguins,,,,,
831,2023-02-11,2022020832,Detroit Red Wings,Vancouver Canucks,,,,,
832,2023-02-11,2022020833,Buffalo Sabres,Calgary Flames,,,,,
833,2023-02-11,2022020834,Ottawa Senators,Edmonton Oilers,,,,,
834,2023-02-11,2022020835,Montreal Canadiens,New York Islanders,,,,,
835,2023-02-11,2022020836,Philadelphia Flyers,Nashville Predators,,,,,
836,2023-02-11,2022020837,Dallas Stars,Tampa Bay Lightning,,,,,
837,2023-02-11,2022020838,Boston Bruins,Washington Capitals,,,,,
838,2023-02-11,2022020839,Florida Panthers,Colorado Avalanche,,,,,
839,2023-02-12,2022020840,Toronto Maple Leafs,Columbus Blue Jackets,,,,,
840,2023-02-12,2022020841,Carolina Hurricanes,New York Rangers,,,,,
841,2023-02-12,2022020842,St. Louis Blues,Arizona Coyotes,,,,,
842,2023-02-12,2022020843,Minnesota Wild,New Jersey Devils,,,,,
843,2023-02-12,2022020844,Winnipeg Jets,Chicago Blackhawks,,,,,
844,2023-02-12,2022020845,Los Angeles Kings,Pittsburgh Penguins,,,,,
845,2023-02-12,2022020846,Montreal Canadiens,Edmonton Oilers,,,,,
846,2023-02-12,2022020848,Philadelphia Flyers,Seattle Kraken,,,,,
847,2023-02-12,2022020847,Washington Capitals,San Jose Sharks,,,,,
848,2023-02-12,2022020849,Vegas Golden Knights,Anaheim Ducks,,,,,
849,2023-02-14,2022020850,Ottawa Senators,Calgary Flames,,,,,
850,2023-02-14,2022020851,Nashville Predators,Arizona Coyotes,,,,,
851,2023-02-14,2022020852,Minnesota Wild,Florida Panthers,,,,,
852,2023-02-14,2022020853,Vancouver Canucks,Detroit Red Wings,,,,,
853,2023-02-14,2022020854,Los Angeles Kings,Buffalo Sabres,,,,,
854,2023-02-15,2022020855,Washington Capitals,Carolina Hurricanes,,,,,
855,2023-02-15,2022020856,Montreal Canadiens,Chicago Blackhawks,,,,,
856,2023-02-15,2022020857,Columbus Blue Jackets,New Jersey Devils,,,,,
857,2023-02-15,2022020858,New York Islanders,Ottawa Senators,,,,,
858,2023-02-15,2022020859,St. Louis Blues,Florida Panthers,,,,,
859,2023-02-15,2022020860,Winnipeg Jets,Seattle Kraken,,,,,
860,2023-02-15,2022020861,Dallas Stars,Boston Bruins,,,,,
861,2023-02-15,2022020862,Colorado Avalanche,Tampa Bay Lightning,,,,,
862,2023-02-15,2022020863,San Jose Sharks,Pittsburgh Penguins,,,,,
863,2023-02-16,2022020864,Toronto Maple Leafs,Chicago Blackhawks,,,,,
864,2023-02-16,2022020865,Arizona Coyotes,Tampa Bay Lightning,,,,,
865,2023-02-16,2022020867,Edmonton Oilers,Detroit Red Wings,,,,,
866,2023-02-16,2022020866,Minnesota Wild,Colorado Avalanche,,,,,
867,2023-02-16,2022020868,Anaheim Ducks,Buffalo Sabres,,,,,
868,2023-02-16,2022020869,Vancouver Canucks,New York Rangers,,,,,
869,2023-02-17,2022020870,Washington Capitals,Florida Panthers,,,,,
870,2023-02-17,2022020871,Carolina Hurricanes,Montreal Canadiens,,,,,
871,2023-02-17,2022020872,Columbus Blue Jackets,Winnipeg Jets,,,,,
872,2023-02-17,2022020873,Nashville Predators,Boston Bruins,,,,,
873,2023-02-17,2022020875,Calgary Flames,Detroit Red Wings,,,,,
874,2023-02-17,2022020874,St. Louis Blues,New Jersey Devils,,,,,
875,2023-02-17,2022020876,Seattle Kraken,Philadelphia Flyers,,,,,
876,2023-02-17,2022020877,Vegas Golden Knights,San Jose Sharks,,,,,
877,2023-02-18,2022020878,Ottawa Senators,Chicago Blackhawks,,,,,
878,2023-02-18,2022020879,New York Islanders,Pittsburgh Penguins,,,,,
879,2023-02-18,2022020880,Minnesota Wild,Dallas Stars,,,,,
880,2023-02-18,2022020882,Anaheim Ducks,Los Angeles Kings,,,,,
881,2023-02-18,2022020881,Edmonton Oilers,New York Rangers,,,,,
882,2023-02-18,2022020883,St. Louis Blues,Colorado Avalanche,,,,,
883,2023-02-18,2022020884,Nashville Predators,Florida Panthers,,,,,
884,2023-02-18,2022020885,Boston Bruins,New York Islanders,,,,,
885,2023-02-18,2022020886,Pittsburgh Penguins,New Jersey Devils,,,,,
886,2023-02-18,2022020887,Dallas Stars,Columbus Blue Jackets,,,,,
887,2023-02-19,2022020888,Toronto Maple Leafs,Montreal Canadiens,,,,,
888,2023-02-19,2022020889,Carolina Hurricanes,Washington Capitals,,,,,
889,2023-02-19,2022020891,Vancouver Canucks,Philadelphia Flyers,,,,,
890,2023-02-19,2022020890,Calgary Flames,New York Rangers,,,,,
891,2023-02-19,2022020892,Los Angeles Kings,Arizona Coyotes,,,,,
892,2023-02-19,2022020893,San Jose Sharks,Buffalo Sabres,,,,,
893,2023-02-19,2022020894,Seattle Kraken,Detroit Red Wings,,,,,
894,2023-02-19,2022020895,Vegas Golden Knights,Tampa Bay Lightning,,,,,
895,2023-02-19,2022020896,Minnesota Wild,Nashville Predators,,,,,
896,2023-02-19,2022020897,Ottawa Senators,St. Louis Blues,,,,,
897,2023-02-19,2022020898,Colorado Avalanche,Edmonton Oilers,,,,,
898,2023-02-19,2022020899,Chicago Blackhawks,Toronto Maple Leafs,,,,,
899,2023-02-20,2022020900,New Jersey Devils,Winnipeg Jets,,,,,
900,2023-02-20,2022020901,Arizona Coyotes,Columbus Blue Jackets,,,,,
901,2023-02-20,2022020902,Florida Panthers,Anaheim Ducks,,,,,
902,2023-02-20,2022020903,Boston Bruins,Ottawa Senators,,,,,
903,2023-02-20,2022020905,San Jose Sharks,Seattle Kraken,,,,,
904,2023-02-20,2022020904,Calgary Flames,Philadelphia Flyers,,,,,
905,2023-02-21,2022020906,Pittsburgh Penguins,New York Islanders,,,,,
906,2023-02-21,2022020907,New York Rangers,Winnipeg Jets,,,,,
907,2023-02-22,2022020908,Tampa Bay Lightning,Anaheim Ducks,,,,,
908,2023-02-22,2022020909,Washington Capitals,Detroit Red Wings,,,,,
909,2023-02-22,2022020910,New Jersey Devils,Montreal Canadiens,,,,,
910,2023-02-22,2022020911,Carolina Hurricanes,St. Louis Blues,,,,,
911,2023-02-22,2022020912,Buffalo Sabres,Toronto Maple Leafs,,,,,
912,2023-02-22,2022020913,Minnesota Wild,Los Angeles Kings,,,,,
913,2023-02-22,2022020914,Nashville Predators,Vancouver Canucks,,,,,
914,2023-02-22,2022020915,Chicago Blackhawks,Vegas Golden Knights,,,,,
915,2023-02-22,2022020916,Edmonton Oilers,Philadelphia Flyers,,,,,
916,2023-02-23,2022020917,New York Islanders,Winnipeg Jets,,,,,
917,2023-02-23,2022020919,Arizona Coyotes,Calgary Flames,,,,,
918,2023-02-23,2022020918,Dallas Stars,Chicago Blackhawks,,,,,
919,2023-02-24,2022020920,Washington Capitals,Anaheim Ducks,,,,,
920,2023-02-24,2022020921,Tampa Bay Lightning,Buffalo Sabres,,,,,
921,2023-02-24,2022020922,Pittsburgh Penguins,Edmonton Oilers,,,,,
922,2023-02-24,2022020923,New Jersey Devils,Los Angeles Kings,,,,,
923,2023-02-24,2022020924,Columbus Blue Jackets,Minnesota Wild,,,,,
924,2023-02-24,2022020925,Detroit Red Wings,New York Rangers,,,,,
925,2023-02-24,2022020926,St. Louis Blues,Vancouver Canucks,,,,,
926,2023-02-24,2022020928,Vegas Golden Knights,Calgary Flames,,,,,
927,2023-02-24,2022020927,Seattle Kraken,Boston Bruins,,,,,
928,2023-02-24,2022020929,San Jose Sharks,Nashville Predators,,,,,
929,2023-02-25,2022020930,Florida Panthers,Buffalo Sabres,,,,,
930,2023-02-25,2022020931,Toronto Maple Leafs,Minnesota Wild,,,,,
931,2023-02-25,2022020932,Philadelphia Flyers,Montreal Canadiens,,,,,
932,2023-02-25,2022020933,Carolina Hurricanes,Ottawa Senators,,,,,
933,2023-02-25,2022020934,New York Islanders,Los Angeles Kings,,,,,
934,2023-02-25,2022020935,Winnipeg Jets,Colorado Avalanche,,,,,
935,2023-02-25,2022020936,Columbus Blue Jackets,Edmonton Oilers,,,,,
936,2023-02-25,2022020937,Washington Capitals,New York Rangers,,,,,
937,2023-02-25,2022020943,St. Louis Blues,Pittsburgh Penguins,,,,,
938,2023-02-26,2022020939,Vancouver Canucks,Boston Bruins,,,,,
939,2023-02-26,2022020938,Carolina Hurricanes,Anaheim Ducks,,,,,
940,2023-02-26,2022020940,Montreal Canadiens,Ottawa Senators,,,,,
941,2023-02-26,2022020941,New Jersey Devils,Philadelphia Flyers,,,,,
942,2023-02-26,2022020942,Detroit Red Wings,Tampa Bay Lightning,,,,,
943,2023-02-26,2022020945,Vegas Golden Knights,Dallas Stars,,,,,
944,2023-02-26,2022020944,Colorado Avalanche,Calgary Flames,,,,,
945,2023-02-26,2022020946,San Jose Sharks,Chicago Blackhawks,,,,,
946,2023-02-26,2022020947,Buffalo Sabres,Washington Capitals,,,,,
947,2023-02-26,2022020948,Minnesota Wild,Columbus Blue Jackets,,,,,
948,2023-02-26,2022020949,Winnipeg Jets,New York Islanders,,,,,
949,2023-02-26,2022020950,New York Rangers,Los Angeles Kings,,,,,
950,2023-02-26,2022020951,Pittsburgh Penguins,Tampa Bay Lightning,,,,,
951,2023-02-27,2022020953,Seattle Kraken,Toronto Maple Leafs,,,,,
952,2023-02-27,2022020952,Arizona Coyotes,Nashville Predators,,,,,
953,2023-02-28,2022020954,Edmonton Oilers,Boston Bruins,,,,,
954,2023-02-28,2022020955,Dallas Stars,Vancouver Canucks,,,,,
955,2023-02-28,2022020956,Colorado Avalanche,Vegas Golden Knights,,,,,
956,2023-02-28,2022020957,Anaheim Ducks,Chicago Blackhawks,,,,,
957,2023-03-01,2022020959,Ottawa Senators,Detroit Red Wings,,,,,
958,2023-03-01,2022020960,Tampa Bay Lightning,Florida Panthers,,,,,
959,2023-03-01,2022020958,Buffalo Sabres,Columbus Blue Jackets,,,,,
960,2023-03-01,2022020961,Winnipeg Jets,Los Angeles Kings,,,,,
961,2023-03-01,2022020962,Minnesota Wild,New York Islanders,,,,,
962,2023-03-01,2022020963,Nashville Predators,Pittsburgh Penguins,,,,,
963,2023-03-01,2022020964,St. Louis Blues,Seattle Kraken,,,,,
964,2023-03-01,2022020965,Calgary Flames,Boston Bruins,,,,,
965,2023-03-01,2022020966,Arizona Coyotes,Chicago Blackhawks,,,,,
966,2023-03-01,2022020967,San Jose Sharks,Montreal Canadiens,,,,,
967,2023-03-02,2022020968,Philadelphia Flyers,New York Rangers,,,,,
968,2023-03-02,2022020969,Edmonton Oilers,Toronto Maple Leafs,,,,,
969,2023-03-02,2022020970,Dallas Stars,Arizona Coyotes,,,,,
970,2023-03-02,2022020971,Colorado Avalanche,New Jersey Devils,,,,,
971,2023-03-02,2022020972,Vegas Golden Knights,Carolina Hurricanes,,,,,
972,2023-03-02,2022020973,Anaheim Ducks,Washington Capitals,,,,,
973,2023-03-03,2022020975,Florida Panthers,Nashville Predators,,,,,
974,2023-03-03,2022020976,New York Rangers,Ottawa Senators,,,,,
975,2023-03-03,2022020977,Tampa Bay Lightning,Pittsburgh Penguins,,,,,
976,2023-03-03,2022020978,Detroit Red Wings,Seattle Kraken,,,,,
977,2023-03-03,2022020974,Boston Bruins,Buffalo Sabres,,,,,
978,2023-03-03,2022020979,Chicago Blackhawks,Dallas Stars,,,,,
979,2023-03-03,2022020980,Calgary Flames,Toronto Maple Leafs,,,,,
980,2023-03-03,2022020981,Vancouver Canucks,Minnesota Wild,,,,,
981,2023-03-03,2022020982,Los Angeles Kings,Montreal Canadiens,,,,,
982,2023-03-03,2022020983,San Jose Sharks,St. Louis Blues,,,,,
983,2023-03-04,2022020984,Columbus Blue Jackets,Seattle Kraken,,,,,
984,2023-03-04,2022020985,Edmonton Oilers,Winnipeg Jets,,,,,
985,2023-03-04,2022020986,Arizona Coyotes,Carolina Hurricanes,,,,,
986,2023-03-04,2022020987,Anaheim Ducks,Montreal Canadiens,,,,,
987,2023-03-04,2022020988,Vegas Golden Knights,New Jersey Devils,,,,,
988,2023-03-04,2022020989,New York Islanders,Detroit Red Wings,,,,,
989,2023-03-04,2022020990,Buffalo Sabres,Philadelphia Flyers,,,,,
990,2023-03-04,2022020991,Boston Bruins,New York Rangers,,,,,
991,2023-03-04,2022020997,Dallas Stars,Colorado Avalanche,,,,,
992,2023-03-04,2022020993,San Jose Sharks,Washington Capitals,,,,,
993,2023-03-04,2022020992,Florida Panthers,Pittsburgh Penguins,,,,,
994,2023-03-05,2022020996,Vancouver Canucks,Toronto Maple Leafs,,,,,
995,2023-03-05,2022020995,Winnipeg Jets,Edmonton Oilers,,,,,
996,2023-03-05,2022020994,Ottawa Senators,Columbus Blue Jackets,,,,,
997,2023-03-05,2022020998,Chicago Blackhawks,Nashville Predators,,,,,
998,2023-03-05,2022020999,Calgary Flames,Minnesota Wild,,,,,
999,2023-03-05,2022021000,Los Angeles Kings,St. Louis Blues,,,,,
1000,2023-03-05,2022021001,Carolina Hurricanes,Tampa Bay Lightning,,,,,
1001,2023-03-05,2022021003,Vegas Golden Knights,Montreal Canadiens,,,,,
1002,2023-03-05,2022021002,Philadelphia Flyers,Detroit Red Wings,,,,,
1003,2023-03-06,2022021004,Arizona Coyotes,New Jersey Devils,,,,,
1004,2023-03-06,2022021005,Colorado Avalanche,Seattle Kraken,,,,,
1005,2023-03-07,2022021007,Winnipeg Jets,San Jose Sharks,,,,,
1006,2023-03-07,2022021006,Buffalo Sabres,Edmonton Oilers,,,,,
1007,2023-03-07,2022021008,Dallas Stars,Calgary Flames,,,,,
1008,2023-03-07,2022021009,Chicago Blackhawks,Ottawa Senators,,,,,
1009,2023-03-07,2022021010,Vancouver Canucks,Nashville Predators,,,,,
1010,2023-03-07,2022021011,Los Angeles Kings,Washington Capitals,,,,,
1011,2023-03-08,2022021012,Montreal Canadiens,Carolina Hurricanes,,,,,
1012,2023-03-08,2022021013,Pittsburgh Penguins,Columbus Blue Jackets,,,,,
1013,2023-03-08,2022021014,Tampa Bay Lightning,Philadelphia Flyers,,,,,
1014,2023-03-08,2022021015,New Jersey Devils,Toronto Maple Leafs,,,,,
1015,2023-03-08,2022021016,Florida Panthers,Vegas Golden Knights,,,,,
1016,2023-03-08,2022021017,New York Islanders,Buffalo Sabres,,,,,
1017,2023-03-08,2022021018,Minnesota Wild,Calgary Flames,,,,,
1018,2023-03-08,2022021019,Colorado Avalanche,San Jose Sharks,,,,,
1019,2023-03-08,2022021020,Arizona Coyotes,St. Louis Blues,,,,,
1020,2023-03-08,2022021021,Seattle Kraken,Anaheim Ducks,,,,,
1021,2023-03-09,2022021023,Winnipeg Jets,Minnesota Wild,,,,,
1022,2023-03-09,2022021022,Detroit Red Wings,Chicago Blackhawks,,,,,
1023,2023-03-09,2022021024,Vancouver Canucks,Anaheim Ducks,,,,,
1024,2023-03-10,2022021025,Buffalo Sabres,Dallas Stars,,,,,
1025,2023-03-10,2022021027,Pittsburgh Penguins,New York Islanders,,,,,
1026,2023-03-10,2022021028,Montreal Canadiens,New York Rangers,,,,,
1027,2023-03-10,2022021029,Washington Capitals,New Jersey Devils,,,,,
1028,2023-03-10,2022021030,Carolina Hurricanes,Philadelphia Flyers,,,,,
1029,2023-03-10,2022021031,Tampa Bay Lightning,Vegas Golden Knights,,,,,
1030,2023-03-10,2022021026,Boston Bruins,Edmonton Oilers,,,,,
1031,2023-03-10,2022021032,St. Louis Blues,San Jose Sharks,,,,,
1032,2023-03-10,2022021033,Colorado Avalanche,Los Angeles Kings,,,,,
1033,2023-03-10,2022021034,Arizona Coyotes,Nashville Predators,,,,,
1034,2023-03-10,2022021035,Seattle Kraken,Ottawa Senators,,,,,
1035,2023-03-11,2022021036,Florida Panthers,Chicago Blackhawks,,,,,
1036,2023-03-11,2022021037,Calgary Flames,Anaheim Ducks,,,,,
1037,2023-03-11,2022021038,Boston Bruins,Detroit Red Wings,,,,,
1038,2023-03-11,2022021039,Pittsburgh Penguins,Philadelphia Flyers,,,,,
1039,2023-03-11,2022021040,Buffalo Sabres,New York Rangers,,,,,
1040,2023-03-11,2022021041,Colorado Avalanche,Arizona Coyotes,,,,,
1041,2023-03-12,2022021042,Tampa Bay Lightning,Chicago Blackhawks,,,,,
1042,2023-03-12,2022021043,Toronto Maple Leafs,Edmonton Oilers,,,,,
1043,2023-03-12,2022021044,Montreal Canadiens,New Jersey Devils,,,,,
1044,2023-03-12,2022021045,Columbus Blue Jackets,St. Louis Blues,,,,,
1045,2023-03-12,2022021046,Carolina Hurricanes,Vegas Golden Knights,,,,,
1046,2023-03-12,2022021047,Florida Panthers,Winnipeg Jets,,,,,
1047,2023-03-12,2022021048,New York Islanders,Washington Capitals,,,,,
1048,2023-03-12,2022021049,Seattle Kraken,Dallas Stars,,,,,
1049,2023-03-12,2022021050,Vancouver Canucks,Ottawa Senators,,,,,
1050,2023-03-12,2022021051,San Jose Sharks,Minnesota Wild,,,,,
1051,2023-03-12,2022021052,Los Angeles Kings,Nashville Predators,,,,,
1052,2023-03-12,2022021053,Detroit Red Wings,Boston Bruins,,,,,
1053,2023-03-12,2022021054,Pittsburgh Penguins,New York Rangers,,,,,
1054,2023-03-12,2022021056,St. Louis Blues,Vegas Golden Knights,,,,,
1055,2023-03-12,2022021055,New Jersey Devils,Carolina Hurricanes,,,,,
1056,2023-03-12,2022021057,Tampa Bay Lightning,Winnipeg Jets,,,,,
1057,2023-03-13,2022021059,Calgary Flames,Ottawa Senators,,,,,
1058,2023-03-13,2022021058,Arizona Coyotes,Minnesota Wild,,,,,
1059,2023-03-13,2022021060,Anaheim Ducks,Nashville Predators,,,,,
1060,2023-03-13,2022021061,Toronto Maple Leafs,Buffalo Sabres,,,,,
1061,2023-03-13,2022021062,Montreal Canadiens,Colorado Avalanche,,,,,
1062,2023-03-14,2022021063,Seattle Kraken,Dallas Stars,,,,,
1063,2023-03-14,2022021064,Pittsburgh Penguins,Montreal Canadiens,,,,,
1064,2023-03-14,2022021065,New Jersey Devils,Tampa Bay Lightning,,,,,
1065,2023-03-14,2022021066,Philadelphia Flyers,Vegas Golden Knights,,,,,
1066,2023-03-14,2022021067,New York Rangers,Washington Capitals,,,,,
1067,2023-03-14,2022021068,Carolina Hurricanes,Winnipeg Jets,,,,,
1068,2023-03-15,2022021069,Nashville Predators,Detroit Red Wings,,,,,
1069,2023-03-15,2022021070,Chicago Blackhawks,Boston Bruins,,,,,
1070,2023-03-15,2022021071,Edmonton Oilers,Ottawa Senators,,,,,
1071,2023-03-15,2022021072,Arizona Coyotes,Calgary Flames,,,,,
1072,2023-03-15,2022021073,Vancouver Canucks,Dallas Stars,,,,,
1073,2023-03-15,2022021074,San Jose Sharks,Columbus Blue Jackets,,,,,
1074,2023-03-15,2022021075,Los Angeles Kings,New York Islanders,,,,,
1075,2023-03-15,2022021076,Washington Capitals,Buffalo Sabres,,,,,
1076,2023-03-15,2022021077,Toronto Maple Leafs,Colorado Avalanche,,,,,
1077,2023-03-16,2022021078,St. Louis Blues,Minnesota Wild,,,,,
1078,2023-03-16,2022021079,Anaheim Ducks,New York Islanders,,,,,
1079,2023-03-16,2022021080,Ottawa Senators,Colorado Avalanche,,,,,
1080,2023-03-16,2022021081,Florida Panthers,Montreal Canadiens,,,,,
1081,2023-03-16,2022021082,New York Rangers,Pittsburgh Penguins,,,,,
1082,2023-03-16,2022021083,New Jersey Devils,Tampa Bay Lightning,,,,,
1083,2023-03-17,2022021084,Winnipeg Jets,Boston Bruins,,,,,
1084,2023-03-17,2022021085,Nashville Predators,Chicago Blackhawks,,,,,
1085,2023-03-17,2022021086,Edmonton Oilers,Dallas Stars,,,,,
1086,2023-03-17,2022021087,Vegas Golden Knights,Calgary Flames,,,,,
1087,2023-03-17,2022021088,Arizona Coyotes,Vancouver Canucks,,,,,
1088,2023-03-17,2022021089,Los Angeles Kings,Columbus Blue Jackets,,,,,
1089,2023-03-17,2022021090,San Jose Sharks,Seattle Kraken,,,,,
1090,2023-03-17,2022021091,Philadelphia Flyers,Buffalo Sabres,,,,,
1091,2023-03-17,2022021092,Toronto Maple Leafs,Carolina Hurricanes,,,,,
1092,2023-03-17,2022021093,Washington Capitals,St. Louis Blues,,,,,
1093,2023-03-18,2022021094,Anaheim Ducks,Columbus Blue Jackets,,,,,
1094,2023-03-18,2022021095,Detroit Red Wings,Colorado Avalanche,,,,,
1095,2023-03-18,2022021096,Minnesota Wild,Boston Bruins,,,,,
1096,2023-03-18,2022021097,Nashville Predators,Winnipeg Jets,,,,,
1097,2023-03-18,2022021098,Seattle Kraken,Edmonton Oilers,,,,,
1098,2023-03-18,2022021099,Philadelphia Flyers,Carolina Hurricanes,,,,,
1099,2023-03-18,2022021100,Florida Panthers,New Jersey Devils,,,,,
1100,2023-03-18,2022021101,Tampa Bay Lightning,Montreal Canadiens,,,,,
1101,2023-03-18,2022021102,Ottawa Senators,Toronto Maple Leafs,,,,,
1102,2023-03-19,2022021103,New York Rangers,Pittsburgh Penguins,,,,,
1103,2023-03-19,2022021105,Los Angeles Kings,Vancouver Canucks,,,,,
1104,2023-03-19,2022021104,Calgary Flames,Dallas Stars,,,,,
1105,2023-03-19,2022021106,Arizona Coyotes,Chicago Blackhawks,,,,,
1106,2023-03-19,2022021107,San Jose Sharks,New York Islanders,,,,,
1107,2023-03-19,2022021108,Buffalo Sabres,Boston Bruins,,,,,
1108,2023-03-19,2022021109,Minnesota Wild,Washington Capitals,,,,,
1109,2023-03-19,2022021110,Vegas Golden Knights,Columbus Blue Jackets,,,,,
1110,2023-03-19,2022021113,St. Louis Blues,Winnipeg Jets,,,,,
1111,2023-03-19,2022021111,New York Rangers,Nashville Predators,,,,,
1112,2023-03-19,2022021112,Tampa Bay Lightning,New Jersey Devils,,,,,
1113,2023-03-20,2022021114,Anaheim Ducks,Vancouver Canucks,,,,,
1114,2023-03-20,2022021115,Pittsburgh Penguins,Ottawa Senators,,,,,
1115,2023-03-20,2022021116,Detroit Red Wings,Florida Panthers,,,,,
1116,2023-03-21,2022021117,Colorado Avalanche,Chicago Blackhawks,,,,,
1117,2023-03-21,2022021118,Edmonton Oilers,San Jose Sharks,,,,,
1118,2023-03-21,2022021119,Los Angeles Kings,Calgary Flames,,,,,
1119,2023-03-21,2022021120,New York Rangers,Carolina Hurricanes,,,,,
1120,2023-03-21,2022021121,Washington Capitals,Columbus Blue Jackets,,,,,
1121,2023-03-21,2022021122,Philadelphia Flyers,Florida Panthers,,,,,
1122,2023-03-21,2022021123,New Jersey Devils,Minnesota Wild,,,,,
1123,2023-03-21,2022021124,Buffalo Sabres,Nashville Predators,,,,,
1124,2023-03-21,2022021125,Boston Bruins,Ottawa Senators,,,,,
1125,2023-03-21,2022021126,Montreal Canadiens,Tampa Bay Lightning,,,,,
1126,2023-03-21,2022021127,New York Islanders,Toronto Maple Leafs,,,,,
1127,2023-03-22,2022021128,Winnipeg Jets,Arizona Coyotes,,,,,
1128,2023-03-22,2022021129,St. Louis Blues,Detroit Red Wings,,,,,
1129,2023-03-22,2022021130,Dallas Stars,Seattle Kraken,,,,,
1130,2023-03-22,2022021131,Anaheim Ducks,Calgary Flames,,,,,
1131,2023-03-22,2022021132,Vancouver Canucks,Vegas Golden Knights,,,,,
1132,2023-03-23,2022021133,Colorado Avalanche,Pittsburgh Penguins,,,,,
1133,2023-03-23,2022021134,Edmonton Oilers,Arizona Coyotes,,,,,
1134,2023-03-23,2022021136,Philadelphia Flyers,Minnesota Wild,,,,,
1135,2023-03-23,2022021135,Washington Capitals,Chicago Blackhawks,,,,,
1136,2023-03-23,2022021137,Boston Bruins,Montreal Canadiens,,,,,
1137,2023-03-23,2022021138,Carolina Hurricanes,New York Rangers,,,,,
1138,2023-03-23,2022021139,Ottawa Senators,Tampa Bay Lightning,,,,,
1139,2023-03-23,2022021140,Florida Panthers,Toronto Maple Leafs,,,,,
1140,2023-03-23,2022021141,Detroit Red Wings,St. Louis Blues,,,,,
1141,2023-03-24,2022021142,Nashville Predators,Seattle Kraken,,,,,
1142,2023-03-24,2022021144,Calgary Flames,Vegas Golden Knights,,,,,
1143,2023-03-24,2022021143,Dallas Stars,Pittsburgh Penguins,,,,,
1144,2023-03-24,2022021145,Vancouver Canucks,San Jose Sharks,,,,,
1145,2023-03-24,2022021146,Anaheim Ducks,Winnipeg Jets,,,,,
1146,2023-03-24,2022021147,Columbus Blue Jackets,New York Islanders,,,,,
1147,2023-03-24,2022021148,Buffalo Sabres,New Jersey Devils,,,,,
1148,2023-03-25,2022021149,Colorado Avalanche,Arizona Coyotes,,,,,
1149,2023-03-25,2022021150,Philadelphia Flyers,Detroit Red Wings,,,,,
1150,2023-03-25,2022021151,Boston Bruins,Tampa Bay Lightning,,,,,
1151,2023-03-25,2022021152,Nashville Predators,Seattle Kraken,,,,,
1152,2023-03-25,2022021154,Los Angeles Kings,Winnipeg Jets,,,,,
1153,2023-03-25,2022021153,Calgary Flames,San Jose Sharks,,,,,
1154,2023-03-25,2022021155,Minnesota Wild,Chicago Blackhawks,,,,,
1155,2023-03-25,2022021156,Florida Panthers,New York Rangers,,,,,
1156,2023-03-25,2022021157,New York Islanders,Buffalo Sabres,,,,,
1157,2023-03-25,2022021161,Dallas Stars,Vancouver Canucks,,,,,
1158,2023-03-25,2022021158,Montreal Canadiens,Columbus Blue Jackets,,,,,
1159,2023-03-25,2022021159,New Jersey Devils,Ottawa Senators,,,,,
1160,2023-03-25,2022021160,Carolina Hurricanes,Toronto Maple Leafs,,,,,
1161,2023-03-26,2022021162,Pittsburgh Penguins,Washington Capitals,,,,,
1162,2023-03-26,2022021163,Edmonton Oilers,Vegas Golden Knights,,,,,
1163,2023-03-26,2022021164,Anaheim Ducks,St. Louis Blues,,,,,
1164,2023-03-26,2022021165,Arizona Coyotes,Colorado Avalanche,,,,,
1165,2023-03-26,2022021166,Carolina Hurricanes,Boston Bruins,,,,,
1166,2023-03-26,2022021167,Nashville Predators,Toronto Maple Leafs,,,,,
1167,2023-03-26,2022021168,Chicago Blackhawks,Vancouver Canucks,,,,,
1168,2023-03-27,2022021169,Los Angeles Kings,St. Louis Blues,,,,,
1169,2023-03-27,2022021170,Ottawa Senators,Florida Panthers,,,,,
1170,2023-03-27,2022021171,Buffalo Sabres,Montreal Canadiens,,,,,
1171,2023-03-27,2022021172,New York Islanders,New Jersey Devils,,,,,
1172,2023-03-28,2022021173,Minnesota Wild,Seattle Kraken,,,,,
1173,2023-03-28,2022021174,Anaheim Ducks,Colorado Avalanche,,,,,
1174,2023-03-28,2022021175,Arizona Coyotes,Edmonton Oilers,,,,,
1175,2023-03-28,2022021176,New York Rangers,Columbus Blue Jackets,,,,,
1176,2023-03-28,2022021177,Philadelphia Flyers,Montreal Canadiens,,,,,
1177,2023-03-28,2022021178,Boston Bruins,Nashville Predators,,,,,
1178,2023-03-28,2022021179,Carolina Hurricanes,Tampa Bay Lightning,,,,,
1179,2023-03-28,2022021180,Detroit Red Wings,Pittsburgh Penguins,,,,,
1180,2023-03-29,2022021181,St. Louis Blues,Vancouver Canucks,,,,,
1181,2023-03-29,2022021182,Chicago Blackhawks,Dallas Stars,,,,,
1182,2023-03-29,2022021183,Calgary Flames,Los Angeles Kings,,,,,
1183,2023-03-29,2022021184,Vegas Golden Knights,Edmonton Oilers,,,,,
1184,2023-03-29,2022021185,San Jose Sharks,Winnipeg Jets,,,,,
1185,2023-03-29,2022021186,Toronto Maple Leafs,Florida Panthers,,,,,
1186,2023-03-29,2022021187,Washington Capitals,New York Islanders,,,,,
1187,2023-03-30,2022021188,Colorado Avalanche,Minnesota Wild,,,,,
1188,2023-03-30,2022021189,Boston Bruins,Columbus Blue Jackets,,,,,
1189,2023-03-30,2022021190,Montreal Canadiens,Florida Panthers,,,,,
1190,2023-03-30,2022021191,New Jersey Devils,New York Rangers,,,,,
1191,2023-03-30,2022021192,Pittsburgh Penguins,Nashville Predators,,,,,
1192,2023-03-30,2022021193,Ottawa Senators,Philadelphia Flyers,,,,,
1193,2023-03-30,2022021194,Tampa Bay Lightning,Washington Capitals,,,,,
1194,2023-03-30,2022021195,Detroit Red Wings,Carolina Hurricanes,,,,,
1195,2023-03-31,2022021196,Chicago Blackhawks,St. Louis Blues,,,,,
1196,2023-03-31,2022021197,Edmonton Oilers,Los Angeles Kings,,,,,
1197,2023-03-31,2022021198,Seattle Kraken,Anaheim Ducks,,,,,
1198,2023-03-31,2022021199,San Jose Sharks,Vegas Golden Knights,,,,,
1199,2023-03-31,2022021200,Buffalo Sabres,New York Rangers,,,,,
1200,2023-04-01,2022021201,Winnipeg Jets,Detroit Red Wings,,,,,
1201,2023-04-01,2022021202,Vancouver Canucks,Calgary Flames,,,,,
1202,2023-04-01,2022021203,Arizona Coyotes,Dallas Stars,,,,,
1203,2023-04-01,2022021204,Nashville Predators,St. Louis Blues,,,,,
1204,2023-04-01,2022021205,Pittsburgh Penguins,Boston Bruins,,,,,
1205,2023-04-01,2022021206,Philadelphia Flyers,Buffalo Sabres,,,,,
1206,2023-04-01,2022021207,Montreal Canadiens,Carolina Hurricanes,,,,,
1207,2023-04-01,2022021208,Columbus Blue Jackets,Florida Panthers,,,,,
1208,2023-04-01,2022021209,Tampa Bay Lightning,New York Islanders,,,,,
1209,2023-04-01,2022021210,Ottawa Senators,Toronto Maple Leafs,,,,,
1210,2023-04-02,2022021211,Chicago Blackhawks,New Jersey Devils,,,,,
1211,2023-04-02,2022021212,Colorado Avalanche,Dallas Stars,,,,,
1212,2023-04-02,2022021214,Seattle Kraken,Los Angeles Kings,,,,,
1213,2023-04-02,2022021215,Vegas Golden Knights,Minnesota Wild,,,,,
1214,2023-04-02,2022021216,Arizona Coyotes,San Jose Sharks,,,,,
1215,2023-04-02,2022021213,Edmonton Oilers,Anaheim Ducks,,,,,
1216,2023-04-02,2022021217,Washington Capitals,New York Rangers,,,,,
1217,2023-04-02,2022021218,St. Louis Blues,Boston Bruins,,,,,
1218,2023-04-02,2022021219,Carolina Hurricanes,New York Islanders,,,,,
1219,2023-04-02,2022021220,Columbus Blue Jackets,Ottawa Senators,,,,,
1220,2023-04-02,2022021221,Pittsburgh Penguins,Philadelphia Flyers,,,,,
1221,2023-04-02,2022021223,Winnipeg Jets,New Jersey Devils,,,,,
1222,2023-04-02,2022021222,Toronto Maple Leafs,Detroit Red Wings,,,,,
1223,2023-04-03,2022021225,Vancouver Canucks,Los Angeles Kings,,,,,
1224,2023-04-03,2022021224,Calgary Flames,Anaheim Ducks,,,,,
1225,2023-04-04,2022021226,Minnesota Wild,Vegas Golden Knights,,,,,
1226,2023-04-04,2022021227,Dallas Stars,Nashville Predators,,,,,
1227,2023-04-04,2022021228,Seattle Kraken,Arizona Coyotes,,,,,
1228,2023-04-04,2022021229,Florida Panthers,Buffalo Sabres,,,,,
1229,2023-04-04,2022021230,Toronto Maple Leafs,Columbus Blue Jackets,,,,,
1230,2023-04-04,2022021231,Montreal Canadiens,Detroit Red Wings,,,,,
1231,2023-04-04,2022021232,Carolina Hurricanes,Ottawa Senators,,,,,
1232,2023-04-04,2022021233,New Jersey Devils,Pittsburgh Penguins,,,,,
1233,2023-04-05,2022021234,St. Louis Blues,Philadelphia Flyers,,,,,
1234,2023-04-05,2022021235,Nashville Predators,Vegas Golden Knights,,,,,
1235,2023-04-05,2022021236,Calgary Flames,Chicago Blackhawks,,,,,
1236,2023-04-05,2022021238,Vancouver Canucks,Seattle Kraken,,,,,
1237,2023-04-05,2022021237,Los Angeles Kings,Edmonton Oilers,,,,,
1238,2023-04-05,2022021239,San Jose Sharks,Colorado Avalanche,,,,,
1239,2023-04-05,2022021240,Winnipeg Jets,Calgary Flames,,,,,
1240,2023-04-05,2022021241,New York Rangers,Tampa Bay Lightning,,,,,
1241,2023-04-06,2022021242,Anaheim Ducks,Edmonton Oilers,,,,,
1242,2023-04-06,2022021243,New Jersey Devils,Columbus Blue Jackets,,,,,
1243,2023-04-06,2022021244,Pittsburgh Penguins,Minnesota Wild,,,,,
1244,2023-04-06,2022021245,Florida Panthers,Ottawa Senators,,,,,
1245,2023-04-06,2022021246,Boston Bruins,Toronto Maple Leafs,,,,,
1246,2023-04-06,2022021247,Montreal Canadiens,Washington Capitals,,,,,
1247,2023-04-06,2022021248,Detroit Red Wings,Buffalo Sabres,,,,,
1248,2023-04-06,2022021249,New York Islanders,Tampa Bay Lightning,,,,,
1249,2023-04-07,2022021250,Nashville Predators,Carolina Hurricanes,,,,,
1250,2023-04-07,2022021251,St. Louis Blues,New York Rangers,,,,,
1251,2023-04-07,2022021252,Dallas Stars,Philadelphia Flyers,,,,,
1252,2023-04-07,2022021254,Vancouver Canucks,Chicago Blackhawks,,,,,
1253,2023-04-07,2022021255,Vegas Golden Knights,Los Angeles Kings,,,,,
1254,2023-04-07,2022021253,Seattle Kraken,Arizona Coyotes,,,,,
1255,2023-04-07,2022021256,San Jose Sharks,Colorado Avalanche,,,,,
1256,2023-04-08,2022021257,Buffalo Sabres,Carolina Hurricanes,,,,,
1257,2023-04-08,2022021258,Minnesota Wild,St. Louis Blues,,,,,
1258,2023-04-08,2022021269,Dallas Stars,Vegas Golden Knights,,,,,
1259,2023-04-08,2022021259,San Jose Sharks,Edmonton Oilers,,,,,
1260,2023-04-08,2022021260,Arizona Coyotes,Anaheim Ducks,,,,,
1261,2023-04-08,2022021264,Winnipeg Jets,Nashville Predators,,,,,
1262,2023-04-08,2022021261,Washington Capitals,Florida Panthers,,,,,
1263,2023-04-08,2022021262,Toronto Maple Leafs,Montreal Canadiens,,,,,
1264,2023-04-08,2022021263,Columbus Blue Jackets,New York Rangers,,,,,
1265,2023-04-08,2022021265,Boston Bruins,New Jersey Devils,,,,,
1266,2023-04-08,2022021267,Ottawa Senators,Tampa Bay Lightning,,,,,
1267,2023-04-08,2022021268,New York Islanders,Philadelphia Flyers,,,,,
1268,2023-04-09,2022021266,Detroit Red Wings,Pittsburgh Penguins,,,,,
1269,2023-04-09,2022021270,Vancouver Canucks,Calgary Flames,,,,,
1270,2023-04-09,2022021271,Seattle Kraken,Chicago Blackhawks,,,,,
1271,2023-04-09,2022021272,Los Angeles Kings,Colorado Avalanche,,,,,
1272,2023-04-09,2022021273,Philadelphia Flyers,Boston Bruins,,,,,
1273,2023-04-10,2022021274,Anaheim Ducks,Colorado Avalanche,,,,,
1274,2023-04-10,2022021278,Winnipeg Jets,San Jose Sharks,,,,,
1275,2023-04-10,2022021275,New York Rangers,Buffalo Sabres,,,,,
1276,2023-04-10,2022021276,Ottawa Senators,Carolina Hurricanes,,,,,
1277,2023-04-10,2022021277,Washington Capitals,New York Islanders,,,,,
1278,2023-04-10,2022021279,Florida Panthers,Toronto Maple Leafs,,,,,
1279,2023-04-10,2022021280,Detroit Red Wings,Dallas Stars,,,,,
1280,2023-04-11,2022021281,Chicago Blackhawks,Minnesota Wild,,,,,
1281,2023-04-11,2022021282,Calgary Flames,Nashville Predators,,,,,
1282,2023-04-11,2022021283,Arizona Coyotes,Seattle Kraken,,,,,
1283,2023-04-11,2022021284,Los Angeles Kings,Vancouver Canucks,,,,,
1284,2023-04-11,2022021285,New Jersey Devils,Buffalo Sabres,,,,,
1285,2023-04-11,2022021287,Philadelphia Flyers,Columbus Blue Jackets,,,,,
1286,2023-04-11,2022021288,Carolina Hurricanes,Detroit Red Wings,,,,,
1287,2023-04-11,2022021289,Tampa Bay Lightning,Toronto Maple Leafs,,,,,
1288,2023-04-11,2022021290,Boston Bruins,Washington Capitals,,,,,
1289,2023-04-11,2022021286,Pittsburgh Penguins,Chicago Blackhawks,,,,,
1290,2023-04-12,2022021291,Minnesota Wild,Winnipeg Jets,,,,,
1291,2023-04-12,2022021292,Colorado Avalanche,Edmonton Oilers,,,,,
1292,2023-04-12,2022021293,Vegas Golden Knights,Seattle Kraken,,,,,
1293,2023-04-12,2022021294,Anaheim Ducks,Vancouver Canucks,,,,,
1294,2023-04-12,2022021295,New York Islanders,Montreal Canadiens,,,,,
1295,2023-04-12,2022021296,St. Louis Blues,Dallas Stars,,,,,
1296,2023-04-13,2022021297,Calgary Flames,San Jose Sharks,,,,,
1297,2023-04-13,2022021298,Montreal Canadiens,Boston Bruins,,,,,
1298,2023-04-13,2022021299,Florida Panthers,Carolina Hurricanes,,,,,
1299,2023-04-13,2022021300,Tampa Bay Lightning,Detroit Red Wings,,,,,
1300,2023-04-13,2022021301,Washington Capitals,New Jersey Devils,,,,,
1301,2023-04-13,2022021302,Buffalo Sabres,Ottawa Senators,,,,,
1302,2023-04-13,2022021303,Columbus Blue Jackets,Pittsburgh Penguins,,,,,
1303,2023-04-13,2022021304,New York Rangers,Toronto Maple Leafs,,,,,
1304,2023-04-14,2022021305,Nashville Predators,Minnesota Wild,,,,,
1305,2023-04-14,2022021307,Dallas Stars,St. Louis Blues,,,,,
1306,2023-04-14,2022021306,Chicago Blackhawks,Philadelphia Flyers,,,,,
1307,2023-04-14,2022021308,Edmonton Oilers,San Jose Sharks,,,,,
1308,2023-04-14,2022021309,Colorado Avalanche,Winnipeg Jets,,,,,
1309,2023-04-14,2022021310,Anaheim Ducks,Los Angeles Kings,,,,,
1310,2023-04-14,2022021311,Arizona Coyotes,Vancouver Canucks,,,,,
1311,2023-04-14,2022021312,Seattle Kraken,Vegas Golden Knights,,,,,
