date,game_id,home_team,away_team
2022-10-07,2022020001,Nashville Predators,San Jose Sharks
2022-10-08,2022020002,San Jose Sharks,Nashville Predators
2022-10-11,2022020003,New York Rangers,Tampa Bay Lightning
2022-10-12,2022020004,Los Angeles Kings,Vegas Golden Knights
2022-10-12,2022020005,Washington Capitals,Boston Bruins
2022-10-12,2022020006,Carolina Hurricanes,Columbus Blue Jackets
2022-10-12,2022020007,Montréal Canadiens,Toronto Maple Leafs
2022-10-13,2022020008,Colorado Avalanche,Chicago Blackhawks
2022-10-13,2022020009,Anaheim Ducks,Seattle Kraken
2022-10-13,2022020010,Edmonton Oilers,Vancouver Canucks
2022-10-13,2022020011,Pittsburgh Penguins,Arizona Coyotes
2022-10-13,2022020012,Philadelphia Flyers,New Jersey Devils
2022-10-13,2022020013,Buffalo Sabres,Ottawa Senators
2022-10-13,2022020014,New York Islanders,Florida Panthers
2022-10-13,2022020015,Toronto Maple Leafs,Washington Capitals
2022-10-14,2022020017,Minnesota Wild,New York Rangers
2022-10-14,2022020016,Nashville Predators,Dallas Stars
2022-10-14,2022020018,Calgary Flames,Colorado Avalanche
2022-10-14,2022020019,Vegas Golden Knights,Chicago Blackhawks
2022-10-14,2022020020,Los Angeles Kings,Seattle Kraken
2022-10-14,2022020021,Columbus Blue Jackets,Tampa Bay Lightning
2022-10-14,2022020022,Detroit Red Wings,Montréal Canadiens
2022-10-15,2022020023,Winnipeg Jets,New York Rangers
2022-10-15,2022020024,San Jose Sharks,Carolina Hurricanes
2022-10-15,2022020025,Buffalo Sabres,Florida Panthers
2022-10-15,2022020026,Philadelphia Flyers,Vancouver Canucks
2022-10-15,2022020027,Boston Bruins,Arizona Coyotes
2022-10-15,2022020028,New Jersey Devils,Detroit Red Wings
2022-10-15,2022020029,Washington Capitals,Montréal Canadiens
2022-10-15,2022020030,Toronto Maple Leafs,Ottawa Senators
2022-10-15,2022020031,Pittsburgh Penguins,Tampa Bay Lightning
2022-10-15,2022020032,New York Islanders,Anaheim Ducks
2022-10-16,2022020033,St. Louis Blues,Columbus Blue Jackets
2022-10-16,2022020034,Minnesota Wild,Los Angeles Kings
2022-10-16,2022020035,Dallas Stars,Nashville Predators
2022-10-16,2022020037,Seattle Kraken,Vegas Golden Knights
2022-10-16,2022020038,San Jose Sharks,Chicago Blackhawks
2022-10-16,2022020036,Edmonton Oilers,Calgary Flames
2022-10-17,2022020039,New York Rangers,Anaheim Ducks
2022-10-17,2022020040,Toronto Maple Leafs,Arizona Coyotes
2022-10-17,2022020041,Boston Bruins,Florida Panthers
2022-10-17,2022020042,Montréal Canadiens,Pittsburgh Penguins
2022-10-17,2022020043,Washington Capitals,Vancouver Canucks
2022-10-17,2022020044,Detroit Red Wings,Los Angeles Kings
2022-10-18,2022020045,Minnesota Wild,Colorado Avalanche
2022-10-18,2022020046,Dallas Stars,Winnipeg Jets
2022-10-18,2022020047,Seattle Kraken,Carolina Hurricanes
2022-10-18,2022020048,New Jersey Devils,Anaheim Ducks
2022-10-18,2022020049,Ottawa Senators,Boston Bruins
2022-10-18,2022020050,Columbus Blue Jackets,Vancouver Canucks
2022-10-18,2022020053,Tampa Bay Lightning,Philadelphia Flyers
2022-10-18,2022020051,New York Islanders,San Jose Sharks
2022-10-19,2022020054,Edmonton Oilers,Buffalo Sabres
2022-10-19,2022020055,Calgary Flames,Vegas Golden Knights
2022-10-19,2022020052,Nashville Predators,Los Angeles Kings
2022-10-19,2022020056,Florida Panthers,Philadelphia Flyers
2022-10-20,2022020057,Colorado Avalanche,Winnipeg Jets
2022-10-20,2022020058,Seattle Kraken,St. Louis Blues
2022-10-20,2022020059,Boston Bruins,Anaheim Ducks
2022-10-20,2022020060,Montréal Canadiens,Arizona Coyotes
2022-10-20,2022020061,Toronto Maple Leafs,Dallas Stars
2022-10-20,2022020062,Pittsburgh Penguins,Los Angeles Kings
2022-10-20,2022020063,Columbus Blue Jackets,Nashville Predators
2022-10-20,2022020064,New York Rangers,San Jose Sharks
2022-10-20,2022020065,Ottawa Senators,Washington Capitals
2022-10-20,2022020066,New York Islanders,New Jersey Devils
2022-10-21,2022020067,Minnesota Wild,Vancouver Canucks
2022-10-21,2022020069,Edmonton Oilers,Carolina Hurricanes
2022-10-21,2022020068,Calgary Flames,Buffalo Sabres
2022-10-21,2022020070,Vegas Golden Knights,Winnipeg Jets
2022-10-21,2022020071,Florida Panthers,Tampa Bay Lightning
2022-10-22,2022020072,Chicago Blackhawks,Detroit Red Wings
2022-10-22,2022020073,Colorado Avalanche,Seattle Kraken
2022-10-22,2022020074,Boston Bruins,Minnesota Wild
2022-10-22,2022020075,New Jersey Devils,San Jose Sharks
2022-10-22,2022020077,Edmonton Oilers,St. Louis Blues
2022-10-22,2022020076,Ottawa Senators,Arizona Coyotes
2022-10-22,2022020082,Winnipeg Jets,Toronto Maple Leafs
2022-10-22,2022020078,Montréal Canadiens,Dallas Stars
2022-10-22,2022020079,Washington Capitals,Los Angeles Kings
2022-10-22,2022020080,Tampa Bay Lightning,New York Islanders
2022-10-22,2022020081,Columbus Blue Jackets,Pittsburgh Penguins
2022-10-23,2022020083,Nashville Predators,Philadelphia Flyers
2022-10-23,2022020084,Vancouver Canucks,Buffalo Sabres
2022-10-23,2022020086,Vegas Golden Knights,Colorado Avalanche
2022-10-23,2022020085,Calgary Flames,Carolina Hurricanes
2022-10-23,2022020087,Chicago Blackhawks,Seattle Kraken
2022-10-23,2022020088,Detroit Red Wings,Anaheim Ducks
2022-10-23,2022020089,New York Rangers,Columbus Blue Jackets
2022-10-23,2022020090,Florida Panthers,New York Islanders
2022-10-23,2022020091,Philadelphia Flyers,San Jose Sharks
2022-10-24,2022020092,Ottawa Senators,Dallas Stars
2022-10-24,2022020093,New Jersey Devils,Washington Capitals
2022-10-25,2022020094,Edmonton Oilers,Pittsburgh Penguins
2022-10-25,2022020095,Winnipeg Jets,St. Louis Blues
2022-10-25,2022020096,Vegas Golden Knights,Toronto Maple Leafs
2022-10-25,2022020097,Vancouver Canucks,Carolina Hurricanes
2022-10-25,2022020098,Columbus Blue Jackets,Arizona Coyotes
2022-10-25,2022020100,Boston Bruins,Dallas Stars
2022-10-25,2022020101,Montréal Canadiens,Minnesota Wild
2022-10-25,2022020102,Detroit Red Wings,New Jersey Devils
2022-10-26,2022020099,New York Rangers,Colorado Avalanche
2022-10-26,2022020103,Chicago Blackhawks,Florida Panthers
2022-10-26,2022020104,Calgary Flames,Pittsburgh Penguins
2022-10-26,2022020105,Seattle Kraken,Buffalo Sabres
2022-10-26,2022020106,Los Angeles Kings,Tampa Bay Lightning
2022-10-26,2022020107,San Jose Sharks,Vegas Golden Knights
2022-10-26,2022020108,New York Islanders,New York Rangers
2022-10-27,2022020109,St. Louis Blues,Edmonton Oilers
2022-10-27,2022020110,Anaheim Ducks,Tampa Bay Lightning
2022-10-27,2022020111,Boston Bruins,Detroit Red Wings
2022-10-27,2022020112,Philadelphia Flyers,Florida Panthers
2022-10-27,2022020113,Ottawa Senators,Minnesota Wild
2022-10-27,2022020114,Buffalo Sabres,Montréal Canadiens
2022-10-28,2022020115,Nashville Predators,St. Louis Blues
2022-10-28,2022020116,Chicago Blackhawks,Edmonton Oilers
2022-10-28,2022020117,Dallas Stars,Washington Capitals
2022-10-28,2022020118,Seattle Kraken,Vancouver Canucks
2022-10-28,2022020119,San Jose Sharks,Toronto Maple Leafs
2022-10-28,2022020120,Los Angeles Kings,Winnipeg Jets
2022-10-28,2022020121,Vegas Golden Knights,Anaheim Ducks
2022-10-28,2022020122,Columbus Blue Jackets,Boston Bruins
2022-10-28,2022020123,New Jersey Devils,Colorado Avalanche
2022-10-28,2022020124,Carolina Hurricanes,New York Islanders
2022-10-29,2022020125,Vancouver Canucks,Pittsburgh Penguins
2022-10-29,2022020126,Arizona Coyotes,Winnipeg Jets
2022-10-29,2022020127,Dallas Stars,New York Rangers
2022-10-29,2022020128,Florida Panthers,Ottawa Senators
2022-10-29,2022020129,San Jose Sharks,Tampa Bay Lightning
2022-10-29,2022020134,Los Angeles Kings,Toronto Maple Leafs
2022-10-29,2022020133,St. Louis Blues,Montréal Canadiens
2022-10-29,2022020130,Philadelphia Flyers,Carolina Hurricanes
2022-10-29,2022020131,Buffalo Sabres,Chicago Blackhawks
2022-10-29,2022020132,Detroit Red Wings,Minnesota Wild
2022-10-29,2022020135,New York Islanders,Colorado Avalanche
2022-10-30,2022020136,Nashville Predators,Washington Capitals
2022-10-30,2022020138,Seattle Kraken,Pittsburgh Penguins
2022-10-30,2022020137,Calgary Flames,Edmonton Oilers
2022-10-30,2022020139,New Jersey Devils,Columbus Blue Jackets
2022-10-30,2022020140,Chicago Blackhawks,Minnesota Wild
2022-10-31,2022020141,Arizona Coyotes,New York Rangers
2022-10-31,2022020142,Anaheim Ducks,Toronto Maple Leafs
2022-10-31,2022020143,Vegas Golden Knights,Winnipeg Jets
2022-10-31,2022020144,Buffalo Sabres,Detroit Red Wings
2022-10-31,2022020145,Carolina Hurricanes,Washington Capitals
2022-11-01,2022020146,St. Louis Blues,Los Angeles Kings
2022-11-01,2022020148,Tampa Bay Lightning,Ottawa Senators
2022-11-01,2022020149,New York Rangers,Philadelphia Flyers
2022-11-01,2022020150,Washington Capitals,Vegas Golden Knights
2022-11-02,2022020151,Minnesota Wild,Montréal Canadiens
2022-11-02,2022020147,Pittsburgh Penguins,Boston Bruins
2022-11-02,2022020152,Chicago Blackhawks,New York Islanders
2022-11-02,2022020153,Dallas Stars,Los Angeles Kings
2022-11-02,2022020154,Edmonton Oilers,Nashville Predators
2022-11-02,2022020155,Calgary Flames,Seattle Kraken
2022-11-02,2022020156,Arizona Coyotes,Florida Panthers
2022-11-02,2022020157,Vancouver Canucks,New Jersey Devils
2022-11-02,2022020158,San Jose Sharks,Anaheim Ducks
2022-11-02,2022020159,Toronto Maple Leafs,Philadelphia Flyers
2022-11-02,2022020160,Buffalo Sabres,Pittsburgh Penguins
2022-11-03,2022020162,Tampa Bay Lightning,Carolina Hurricanes
2022-11-03,2022020163,Ottawa Senators,Vegas Golden Knights
2022-11-03,2022020164,Detroit Red Wings,Washington Capitals
2022-11-03,2022020161,New York Rangers,Boston Bruins
2022-11-04,2022020165,Winnipeg Jets,Montréal Canadiens
2022-11-04,2022020166,St. Louis Blues,New York Islanders
2022-11-04,2022020167,Minnesota Wild,Seattle Kraken
2022-11-04,2022020168,Chicago Blackhawks,Los Angeles Kings
2022-11-04,2022020169,Calgary Flames,Nashville Predators
2022-11-04,2022020170,Edmonton Oilers,New Jersey Devils
2022-11-04,2022020171,Vancouver Canucks,Anaheim Ducks
2022-11-04,2022020172,Arizona Coyotes,Dallas Stars
2022-11-04,2022020173,San Jose Sharks,Florida Panthers
2022-11-04,2022020175,Colorado Avalanche,Columbus Blue Jackets
2022-11-04,2022020174,Carolina Hurricanes,Buffalo Sabres
2022-11-05,2022020181,Detroit Red Wings,New York Islanders
2022-11-05,2022020185,Columbus Blue Jackets,Colorado Avalanche
2022-11-05,2022020176,Winnipeg Jets,Chicago Blackhawks
2022-11-05,2022020177,Edmonton Oilers,Dallas Stars
2022-11-05,2022020178,Washington Capitals,Arizona Coyotes
2022-11-05,2022020179,Toronto Maple Leafs,Boston Bruins
2022-11-05,2022020180,Tampa Bay Lightning,Buffalo Sabres
2022-11-05,2022020182,Ottawa Senators,Philadelphia Flyers
2022-11-05,2022020183,Pittsburgh Penguins,Seattle Kraken
2022-11-05,2022020184,Montréal Canadiens,Vegas Golden Knights
2022-11-06,2022020186,Vancouver Canucks,Nashville Predators
2022-11-06,2022020187,Calgary Flames,New Jersey Devils
2022-11-06,2022020188,San Jose Sharks,Anaheim Ducks
2022-11-06,2022020189,Los Angeles Kings,Florida Panthers
2022-11-06,2022020190,New York Rangers,Detroit Red Wings
2022-11-06,2022020191,Carolina Hurricanes,Toronto Maple Leafs
2022-11-07,2022020192,Anaheim Ducks,Florida Panthers
2022-11-08,2022020193,New York Islanders,Calgary Flames
2022-11-08,2022020194,Boston Bruins,St. Louis Blues
2022-11-08,2022020195,Washington Capitals,Edmonton Oilers
2022-11-09,2022020196,Buffalo Sabres,Arizona Coyotes
2022-11-09,2022020197,New Jersey Devils,Calgary Flames
2022-11-09,2022020198,New York Rangers,New York Islanders
2022-11-09,2022020199,Philadelphia Flyers,St. Louis Blues
2022-11-09,2022020200,Ottawa Senators,Vancouver Canucks
2022-11-09,2022020201,Toronto Maple Leafs,Vegas Golden Knights
2022-11-09,2022020203,Detroit Red Wings,Montréal Canadiens
2022-11-09,2022020202,Tampa Bay Lightning,Edmonton Oilers
2022-11-09,2022020204,Winnipeg Jets,Dallas Stars
2022-11-09,2022020205,Seattle Kraken,Nashville Predators
2022-11-09,2022020206,Los Angeles Kings,Minnesota Wild
2022-11-10,2022020207,Florida Panthers,Carolina Hurricanes
2022-11-10,2022020208,Washington Capitals,Pittsburgh Penguins
2022-11-10,2022020209,Montréal Canadiens,Vancouver Canucks
2022-11-10,2022020210,Anaheim Ducks,Minnesota Wild
2022-11-11,2022020211,Boston Bruins,Calgary Flames
2022-11-11,2022020212,Carolina Hurricanes,Edmonton Oilers
2022-11-11,2022020213,New Jersey Devils,Ottawa Senators
2022-11-11,2022020214,Columbus Blue Jackets,Philadelphia Flyers
2022-11-11,2022020215,Buffalo Sabres,Vegas Golden Knights
2022-11-11,2022020217,Detroit Red Wings,New York Rangers
2022-11-11,2022020216,New York Islanders,Arizona Coyotes
2022-11-11,2022020218,St. Louis Blues,San Jose Sharks
2022-11-11,2022020219,Colorado Avalanche,Nashville Predators
2022-11-11,2022020220,Los Angeles Kings,Chicago Blackhawks
2022-11-12,2022020221,Toronto Maple Leafs,Pittsburgh Penguins
2022-11-12,2022020222,Washington Capitals,Tampa Bay Lightning
2022-11-12,2022020223,Dallas Stars,San Jose Sharks
2022-11-12,2022020224,Seattle Kraken,Minnesota Wild
2022-11-12,2022020225,Philadelphia Flyers,Ottawa Senators
2022-11-12,2022020226,Florida Panthers,Edmonton Oilers
2022-11-13,2022020227,New Jersey Devils,Arizona Coyotes
2022-11-13,2022020228,Buffalo Sabres,Boston Bruins
2022-11-13,2022020229,Montréal Canadiens,Pittsburgh Penguins
2022-11-13,2022020230,Toronto Maple Leafs,Vancouver Canucks
2022-11-13,2022020231,New York Islanders,Columbus Blue Jackets
2022-11-13,2022020232,Nashville Predators,New York Rangers
2022-11-13,2022020233,Colorado Avalanche,Carolina Hurricanes
2022-11-13,2022020234,Anaheim Ducks,Chicago Blackhawks
2022-11-13,2022020235,Vegas Golden Knights,St. Louis Blues
2022-11-13,2022020236,Calgary Flames,Winnipeg Jets
2022-11-13,2022020237,Los Angeles Kings,Detroit Red Wings
2022-11-13,2022020238,Philadelphia Flyers,Dallas Stars
2022-11-13,2022020240,Minnesota Wild,San Jose Sharks
2022-11-13,2022020241,Boston Bruins,Vancouver Canucks
2022-11-14,2022020239,New York Rangers,Arizona Coyotes
2022-11-14,2022020242,Tampa Bay Lightning,Washington Capitals
2022-11-14,2022020243,Seattle Kraken,Winnipeg Jets
2022-11-14,2022020244,Ottawa Senators,New York Islanders
2022-11-15,2022020246,Calgary Flames,Los Angeles Kings
2022-11-15,2022020245,Chicago Blackhawks,Carolina Hurricanes
2022-11-15,2022020247,Colorado Avalanche,St. Louis Blues
2022-11-16,2022020248,Tampa Bay Lightning,Dallas Stars
2022-11-16,2022020249,Montréal Canadiens,New Jersey Devils
2022-11-16,2022020251,Pittsburgh Penguins,Toronto Maple Leafs
2022-11-16,2022020252,Buffalo Sabres,Vancouver Canucks
2022-11-16,2022020253,Florida Panthers,Washington Capitals
2022-11-16,2022020250,Columbus Blue Jackets,Philadelphia Flyers
2022-11-16,2022020254,Nashville Predators,Minnesota Wild
2022-11-16,2022020255,Anaheim Ducks,Detroit Red Wings
2022-11-16,2022020256,Vegas Golden Knights,San Jose Sharks
2022-11-17,2022020257,Ottawa Senators,Buffalo Sabres
2022-11-17,2022020258,Chicago Blackhawks,St. Louis Blues
2022-11-17,2022020259,Edmonton Oilers,Los Angeles Kings
2022-11-18,2022020260,Tampa Bay Lightning,Calgary Flames
2022-11-18,2022020261,Carolina Hurricanes,Colorado Avalanche
2022-11-18,2022020262,Florida Panthers,Dallas Stars
2022-11-18,2022020263,Columbus Blue Jackets,Montréal Canadiens
2022-11-18,2022020264,Toronto Maple Leafs,New Jersey Devils
2022-11-18,2022020265,Boston Bruins,Philadelphia Flyers
2022-11-18,2022020266,Winnipeg Jets,Anaheim Ducks
2022-11-18,2022020267,Nashville Predators,New York Islanders
2022-11-18,2022020268,Minnesota Wild,Pittsburgh Penguins
2022-11-18,2022020269,St. Louis Blues,Washington Capitals
2022-11-18,2022020270,Vegas Golden Knights,Arizona Coyotes
2022-11-18,2022020271,Seattle Kraken,New York Rangers
2022-11-18,2022020272,San Jose Sharks,Detroit Red Wings
2022-11-19,2022020273,Vancouver Canucks,Los Angeles Kings
2022-11-19,2022020274,Ottawa Senators,New Jersey Devils
2022-11-19,2022020275,Florida Panthers,Calgary Flames
2022-11-20,2022020281,Winnipeg Jets,Pittsburgh Penguins
2022-11-20,2022020276,Toronto Maple Leafs,Buffalo Sabres
2022-11-20,2022020277,Boston Bruins,Chicago Blackhawks
2022-11-20,2022020278,Washington Capitals,Colorado Avalanche
2022-11-20,2022020279,Columbus Blue Jackets,Detroit Red Wings
2022-11-20,2022020280,Montréal Canadiens,Philadelphia Flyers
2022-11-20,2022020282,St. Louis Blues,Anaheim Ducks
2022-11-20,2022020283,Minnesota Wild,Carolina Hurricanes
2022-11-20,2022020284,Dallas Stars,New York Islanders
2022-11-20,2022020285,Nashville Predators,Tampa Bay Lightning
2022-11-20,2022020286,Seattle Kraken,Los Angeles Kings
2022-11-20,2022020287,Edmonton Oilers,Vegas Golden Knights
2022-11-20,2022020288,San Jose Sharks,New York Rangers
2022-11-20,2022020289,Columbus Blue Jackets,Florida Panthers
2022-11-21,2022020290,Chicago Blackhawks,Pittsburgh Penguins
2022-11-22,2022020291,Tampa Bay Lightning,Boston Bruins
2022-11-22,2022020292,Philadelphia Flyers,Calgary Flames
2022-11-22,2022020293,New Jersey Devils,Edmonton Oilers
2022-11-22,2022020294,Winnipeg Jets,Carolina Hurricanes
2022-11-22,2022020295,Toronto Maple Leafs,New York Islanders
2022-11-22,2022020296,St. Louis Blues,Anaheim Ducks
2022-11-22,2022020297,Nashville Predators,Arizona Coyotes
2022-11-22,2022020298,Dallas Stars,Colorado Avalanche
2022-11-22,2022020299,San Jose Sharks,Ottawa Senators
2022-11-22,2022020300,Vancouver Canucks,Vegas Golden Knights
2022-11-23,2022020301,Montréal Canadiens,Buffalo Sabres
2022-11-23,2022020302,Los Angeles Kings,New York Rangers
2022-11-24,2022020309,Minnesota Wild,Winnipeg Jets
2022-11-24,2022020303,Carolina Hurricanes,Arizona Coyotes
2022-11-24,2022020304,Florida Panthers,Boston Bruins
2022-11-24,2022020305,Pittsburgh Penguins,Calgary Flames
2022-11-24,2022020306,Columbus Blue Jackets,Montréal Canadiens
2022-11-24,2022020307,Buffalo Sabres,St. Louis Blues
2022-11-24,2022020308,New Jersey Devils,Toronto Maple Leafs
2022-11-24,2022020311,Detroit Red Wings,Nashville Predators
2022-11-24,2022020310,New York Islanders,Edmonton Oilers
2022-11-24,2022020312,Washington Capitals,Philadelphia Flyers
2022-11-24,2022020313,Dallas Stars,Chicago Blackhawks
2022-11-24,2022020314,Anaheim Ducks,New York Rangers
2022-11-24,2022020315,Vegas Golden Knights,Ottawa Senators
2022-11-24,2022020316,Seattle Kraken,San Jose Sharks
2022-11-24,2022020317,Colorado Avalanche,Vancouver Canucks
2022-11-25,2022020318,Boston Bruins,Carolina Hurricanes
2022-11-25,2022020320,Nashville Predators,Colorado Avalanche
2022-11-25,2022020321,Chicago Blackhawks,Montréal Canadiens
2022-11-25,2022020322,Minnesota Wild,Toronto Maple Leafs
2022-11-25,2022020319,Washington Capitals,Calgary Flames
2022-11-25,2022020323,Anaheim Ducks,Ottawa Senators
2022-11-25,2022020324,Philadelphia Flyers,Pittsburgh Penguins
2022-11-26,2022020329,Vegas Golden Knights,Seattle Kraken
2022-11-26,2022020325,Detroit Red Wings,Arizona Coyotes
2022-11-26,2022020326,Columbus Blue Jackets,New York Islanders
2022-11-26,2022020327,Buffalo Sabres,New Jersey Devils
2022-11-26,2022020328,Tampa Bay Lightning,St. Louis Blues
2022-11-26,2022020330,Dallas Stars,Winnipeg Jets
2022-11-26,2022020331,San Jose Sharks,Los Angeles Kings
2022-11-26,2022020332,New York Rangers,Edmonton Oilers
2022-11-26,2022020333,Carolina Hurricanes,Calgary Flames
2022-11-26,2022020334,Florida Panthers,St. Louis Blues
2022-11-27,2022020335,Pittsburgh Penguins,Toronto Maple Leafs
2022-11-27,2022020336,New Jersey Devils,Washington Capitals
2022-11-27,2022020337,New York Islanders,Philadelphia Flyers
2022-11-27,2022020338,Nashville Predators,Columbus Blue Jackets
2022-11-27,2022020339,Colorado Avalanche,Dallas Stars
2022-11-27,2022020340,Vegas Golden Knights,Vancouver Canucks
2022-11-27,2022020341,Minnesota Wild,Arizona Coyotes
2022-11-28,2022020342,Chicago Blackhawks,Winnipeg Jets
2022-11-28,2022020343,Anaheim Ducks,Seattle Kraken
2022-11-28,2022020344,San Jose Sharks,Vancouver Canucks
2022-11-28,2022020345,Los Angeles Kings,Ottawa Senators
2022-11-29,2022020346,New York Rangers,New Jersey Devils
2022-11-29,2022020347,Buffalo Sabres,Tampa Bay Lightning
2022-11-29,2022020348,Detroit Red Wings,Toronto Maple Leafs
2022-11-29,2022020349,Columbus Blue Jackets,Vegas Golden Knights
2022-11-29,2022020350,St. Louis Blues,Dallas Stars
2022-11-29,2022020351,Edmonton Oilers,Florida Panthers
2022-11-30,2022020352,Pittsburgh Penguins,Carolina Hurricanes
2022-11-30,2022020354,Montréal Canadiens,San Jose Sharks
2022-11-30,2022020355,Boston Bruins,Tampa Bay Lightning
2022-11-30,2022020353,Philadelphia Flyers,New York Islanders
2022-11-30,2022020356,Nashville Predators,Anaheim Ducks
2022-11-30,2022020357,Winnipeg Jets,Colorado Avalanche
2022-11-30,2022020358,Calgary Flames,Florida Panthers
2022-11-30,2022020359,Vancouver Canucks,Washington Capitals
2022-11-30,2022020360,Los Angeles Kings,Seattle Kraken
2022-12-01,2022020361,Detroit Red Wings,Buffalo Sabres
2022-12-01,2022020362,Ottawa Senators,New York Rangers
2022-12-01,2022020363,Toronto Maple Leafs,San Jose Sharks
2022-12-01,2022020364,Chicago Blackhawks,Edmonton Oilers
2022-12-02,2022020365,Buffalo Sabres,Colorado Avalanche
2022-12-02,2022020366,New Jersey Devils,Nashville Predators
2022-12-02,2022020367,Philadelphia Flyers,Tampa Bay Lightning
2022-12-02,2022020368,Pittsburgh Penguins,Vegas Golden Knights
2022-12-02,2022020369,St. Louis Blues,Carolina Hurricanes
2022-12-02,2022020370,Minnesota Wild,Edmonton Oilers
2022-12-02,2022020371,Dallas Stars,Anaheim Ducks
2022-12-02,2022020372,Calgary Flames,Montréal Canadiens
2022-12-02,2022020373,Vancouver Canucks,Florida Panthers
2022-12-02,2022020374,Seattle Kraken,Washington Capitals
2022-12-02,2022020375,Los Angeles Kings,Arizona Coyotes
2022-12-03,2022020376,New York Rangers,Ottawa Senators
2022-12-03,2022020377,New York Islanders,Nashville Predators
2022-12-03,2022020378,Winnipeg Jets,Columbus Blue Jackets
2022-12-03,2022020379,Minnesota Wild,Anaheim Ducks
2022-12-04,2022020381,Edmonton Oilers,Montréal Canadiens
2022-12-04,2022020380,Boston Bruins,Colorado Avalanche
2022-12-04,2022020382,Philadelphia Flyers,New Jersey Devils
2022-12-04,2022020383,Ottawa Senators,San Jose Sharks
2022-12-04,2022020384,Pittsburgh Penguins,St. Louis Blues
2022-12-04,2022020385,Tampa Bay Lightning,Toronto Maple Leafs
2022-12-04,2022020386,Detroit Red Wings,Vegas Golden Knights
2022-12-04,2022020387,New York Rangers,Chicago Blackhawks
2022-12-04,2022020388,Vancouver Canucks,Arizona Coyotes
2022-12-04,2022020389,Seattle Kraken,Florida Panthers
2022-12-04,2022020390,Calgary Flames,Washington Capitals
2022-12-04,2022020391,Los Angeles Kings,Carolina Hurricanes
2022-12-04,2022020392,Winnipeg Jets,Anaheim Ducks
2022-12-04,2022020393,Dallas Stars,Minnesota Wild
2022-12-04,2022020394,Columbus Blue Jackets,Detroit Red Wings
2022-12-05,2022020395,Buffalo Sabres,San Jose Sharks
2022-12-05,2022020396,New York Islanders,Chicago Blackhawks
2022-12-06,2022020397,Philadelphia Flyers,Colorado Avalanche
2022-12-06,2022020398,New York Rangers,St. Louis Blues
2022-12-06,2022020399,Boston Bruins,Vegas Golden Knights
2022-12-06,2022020400,Edmonton Oilers,Washington Capitals
2022-12-06,2022020401,Calgary Flames,Arizona Coyotes
2022-12-06,2022020402,Vancouver Canucks,Montréal Canadiens
2022-12-07,2022020403,New Jersey Devils,Chicago Blackhawks
2022-12-07,2022020404,Pittsburgh Penguins,Columbus Blue Jackets
2022-12-07,2022020405,Tampa Bay Lightning,Detroit Red Wings
2022-12-07,2022020406,Ottawa Senators,Los Angeles Kings
2022-12-07,2022020407,New York Islanders,St. Louis Blues
2022-12-07,2022020408,Winnipeg Jets,Florida Panthers
2022-12-07,2022020409,Dallas Stars,Toronto Maple Leafs
2022-12-07,2022020410,Anaheim Ducks,Carolina Hurricanes
2022-12-07,2022020411,Seattle Kraken,Montréal Canadiens
2022-12-08,2022020413,Philadelphia Flyers,Washington Capitals
2022-12-08,2022020412,Columbus Blue Jackets,Buffalo Sabres
2022-12-08,2022020414,Calgary Flames,Minnesota Wild
2022-12-08,2022020415,Colorado Avalanche,Boston Bruins
2022-12-08,2022020416,Edmonton Oilers,Arizona Coyotes
2022-12-08,2022020417,Vegas Golden Knights,New York Rangers
2022-12-08,2022020418,San Jose Sharks,Vancouver Canucks
2022-12-09,2022020420,Toronto Maple Leafs,Los Angeles Kings
2022-12-09,2022020421,Tampa Bay Lightning,Nashville Predators
2022-12-09,2022020419,Florida Panthers,Detroit Red Wings
2022-12-09,2022020422,St. Louis Blues,Winnipeg Jets
2022-12-09,2022020423,Dallas Stars,Ottawa Senators
2022-12-10,2022020424,Columbus Blue Jackets,Calgary Flames
2022-12-10,2022020425,New Jersey Devils,New York Islanders
2022-12-10,2022020426,Buffalo Sabres,Pittsburgh Penguins
2022-12-10,2022020427,Washington Capitals,Seattle Kraken
2022-12-10,2022020428,Chicago Blackhawks,Winnipeg Jets
2022-12-10,2022020429,Edmonton Oilers,Minnesota Wild
2022-12-10,2022020430,Colorado Avalanche,New York Rangers
2022-12-10,2022020431,Arizona Coyotes,Boston Bruins
2022-12-10,2022020432,Vegas Golden Knights,Philadelphia Flyers
2022-12-10,2022020433,Anaheim Ducks,San Jose Sharks
2022-12-10,2022020434,Nashville Predators,Ottawa Senators
2022-12-10,2022020435,Dallas Stars,Detroit Red Wings
2022-12-10,2022020436,Tampa Bay Lightning,Florida Panthers
2022-12-11,2022020437,Pittsburgh Penguins,Buffalo Sabres
2022-12-11,2022020438,Toronto Maple Leafs,Calgary Flames
2022-12-11,2022020439,Montréal Canadiens,Los Angeles Kings
2022-12-11,2022020440,New York Islanders,Carolina Hurricanes
2022-12-11,2022020441,Vancouver Canucks,Minnesota Wild
2022-12-11,2022020442,St. Louis Blues,Colorado Avalanche
2022-12-11,2022020443,Columbus Blue Jackets,Los Angeles Kings
2022-12-11,2022020444,Florida Panthers,Seattle Kraken
2022-12-12,2022020445,Arizona Coyotes,Philadelphia Flyers
2022-12-12,2022020446,Winnipeg Jets,Washington Capitals
2022-12-12,2022020447,Vegas Golden Knights,Boston Bruins
2022-12-13,2022020448,Montréal Canadiens,Calgary Flames
2022-12-13,2022020449,Pittsburgh Penguins,Dallas Stars
2022-12-13,2022020450,New York Rangers,New Jersey Devils
2022-12-13,2022020451,Ottawa Senators,Anaheim Ducks
2022-12-13,2022020452,Minnesota Wild,Edmonton Oilers
2022-12-13,2022020453,St. Louis Blues,Nashville Predators
2022-12-14,2022020454,Toronto Maple Leafs,Anaheim Ducks
2022-12-14,2022020455,Florida Panthers,Columbus Blue Jackets
2022-12-14,2022020456,New Jersey Devils,Dallas Stars
2022-12-14,2022020457,Buffalo Sabres,Los Angeles Kings
2022-12-14,2022020458,Boston Bruins,New York Islanders
2022-12-14,2022020459,Tampa Bay Lightning,Seattle Kraken
2022-12-14,2022020460,Detroit Red Wings,Carolina Hurricanes
2022-12-14,2022020461,Nashville Predators,Edmonton Oilers
2022-12-14,2022020462,Winnipeg Jets,Vegas Golden Knights
2022-12-14,2022020463,Chicago Blackhawks,Washington Capitals
2022-12-14,2022020464,Colorado Avalanche,Philadelphia Flyers
2022-12-14,2022020465,San Jose Sharks,Arizona Coyotes
2022-12-15,2022020466,Ottawa Senators,Montréal Canadiens
2022-12-15,2022020467,Minnesota Wild,Detroit Red Wings
2022-12-15,2022020468,Calgary Flames,Vancouver Canucks
2022-12-16,2022020469,Montréal Canadiens,Anaheim Ducks
2022-12-16,2022020470,Tampa Bay Lightning,Columbus Blue Jackets
2022-12-16,2022020471,Washington Capitals,Dallas Stars
2022-12-16,2022020472,Boston Bruins,Los Angeles Kings
2022-12-16,2022020473,New Jersey Devils,Philadelphia Flyers
2022-12-16,2022020474,Florida Panthers,Pittsburgh Penguins
2022-12-16,2022020475,Carolina Hurricanes,Seattle Kraken
2022-12-16,2022020476,New York Rangers,Toronto Maple Leafs
2022-12-16,2022020477,Winnipeg Jets,Nashville Predators
2022-12-16,2022020478,Chicago Blackhawks,Vegas Golden Knights
2022-12-16,2022020479,Colorado Avalanche,Buffalo Sabres
2022-12-16,2022020480,Edmonton Oilers,St. Louis Blues
2022-12-17,2022020481,Minnesota Wild,Chicago Blackhawks
2022-12-17,2022020482,Calgary Flames,St. Louis Blues
2022-12-17,2022020483,Arizona Coyotes,New York Islanders
2022-12-17,2022020484,Boston Bruins,Columbus Blue Jackets
2022-12-17,2022020485,Detroit Red Wings,Ottawa Senators
2022-12-17,2022020486,Edmonton Oilers,Anaheim Ducks
2022-12-18,2022020487,Carolina Hurricanes,Dallas Stars
2022-12-18,2022020489,Philadelphia Flyers,New York Rangers
2022-12-18,2022020490,Montréal Canadiens,Tampa Bay Lightning
2022-12-18,2022020491,Washington Capitals,Toronto Maple Leafs
2022-12-18,2022020488,New Jersey Devils,Florida Panthers
2022-12-18,2022020492,Arizona Coyotes,Buffalo Sabres
2022-12-18,2022020493,Colorado Avalanche,Nashville Predators
2022-12-18,2022020494,Vegas Golden Knights,New York Islanders
2022-12-18,2022020495,Vancouver Canucks,Winnipeg Jets
2022-12-18,2022020496,Los Angeles Kings,San Jose Sharks
2022-12-18,2022020497,Minnesota Wild,Ottawa Senators
2022-12-18,2022020498,Carolina Hurricanes,Pittsburgh Penguins
2022-12-19,2022020499,Chicago Blackhawks,New York Rangers
2022-12-19,2022020500,Seattle Kraken,Winnipeg Jets
2022-12-19,2022020501,San Jose Sharks,Calgary Flames
2022-12-20,2022020502,Columbus Blue Jackets,Dallas Stars
2022-12-20,2022020503,Washington Capitals,Detroit Red Wings
2022-12-20,2022020504,Boston Bruins,Florida Panthers
2022-12-20,2022020505,Nashville Predators,Edmonton Oilers
2022-12-20,2022020506,Colorado Avalanche,New York Islanders
2022-12-20,2022020507,Vegas Golden Knights,Buffalo Sabres
2022-12-20,2022020508,Arizona Coyotes,Montréal Canadiens
2022-12-20,2022020509,Vancouver Canucks,St. Louis Blues
2022-12-21,2022020510,Philadelphia Flyers,Columbus Blue Jackets
2022-12-21,2022020511,Pittsburgh Penguins,New York Rangers
2022-12-21,2022020512,Carolina Hurricanes,New Jersey Devils
2022-12-21,2022020513,Toronto Maple Leafs,Tampa Bay Lightning
2022-12-21,2022020514,Winnipeg Jets,Ottawa Senators
2022-12-21,2022020515,Seattle Kraken,St. Louis Blues
2022-12-21,2022020516,Los Angeles Kings,Anaheim Ducks
2022-12-21,2022020517,San Jose Sharks,Calgary Flames
2022-12-22,2022020518,Florida Panthers,New Jersey Devils
2022-12-22,2022020519,Detroit Red Wings,Tampa Bay Lightning
2022-12-22,2022020520,Colorado Avalanche,Montréal Canadiens
2022-12-22,2022020521,Chicago Blackhawks,Nashville Predators
2022-12-22,2022020522,Dallas Stars,Edmonton Oilers
2022-12-22,2022020523,Vegas Golden Knights,Arizona Coyotes
2022-12-22,2022020524,Anaheim Ducks,Minnesota Wild
2022-12-22,2022020525,Toronto Maple Leafs,Philadelphia Flyers
2022-12-23,2022020526,Pittsburgh Penguins,Carolina Hurricanes
2022-12-23,2022020527,New York Rangers,New York Islanders
2022-12-23,2022020528,Ottawa Senators,Washington Capitals
2022-12-23,2022020529,Boston Bruins,Winnipeg Jets
2022-12-23,2022020530,Vancouver Canucks,Seattle Kraken
2022-12-23,2022020531,Los Angeles Kings,Calgary Flames
2022-12-23,2022020532,San Jose Sharks,Minnesota Wild
2022-12-24,2022020533,New Jersey Devils,Boston Bruins
2022-12-24,2022020534,Ottawa Senators,Detroit Red Wings
2022-12-24,2022020535,Carolina Hurricanes,Philadelphia Flyers
2022-12-24,2022020536,Buffalo Sabres,Tampa Bay Lightning
2022-12-24,2022020537,Washington Capitals,Winnipeg Jets
2022-12-24,2022020538,New York Islanders,Florida Panthers
2022-12-24,2022020539,Nashville Predators,Colorado Avalanche
2022-12-24,2022020540,Chicago Blackhawks,Columbus Blue Jackets
2022-12-24,2022020541,Dallas Stars,Montréal Canadiens
2022-12-24,2022020542,Edmonton Oilers,Vancouver Canucks
2022-12-24,2022020543,Arizona Coyotes,Los Angeles Kings
2022-12-24,2022020545,Vegas Golden Knights,St. Louis Blues
2022-12-24,2022020544,Anaheim Ducks,Calgary Flames
2022-12-28,2022020546,Ottawa Senators,Boston Bruins
2022-12-28,2022020548,Carolina Hurricanes,Chicago Blackhawks
2022-12-28,2022020549,New York Rangers,Washington Capitals
2022-12-28,2022020547,Columbus Blue Jackets,Buffalo Sabres
2022-12-28,2022020550,New York Islanders,Pittsburgh Penguins
2022-12-28,2022020551,Nashville Predators,Dallas Stars
2022-12-28,2022020552,Winnipeg Jets,Minnesota Wild
2022-12-28,2022020553,St. Louis Blues,Toronto Maple Leafs
2022-12-28,2022020554,Arizona Coyotes,Colorado Avalanche
2022-12-28,2022020555,Calgary Flames,Edmonton Oilers
2022-12-28,2022020556,Vancouver Canucks,San Jose Sharks
2022-12-28,2022020557,Los Angeles Kings,Vegas Golden Knights
2022-12-29,2022020558,New Jersey Devils,Boston Bruins
2022-12-29,2022020559,Tampa Bay Lightning,Montréal Canadiens
2022-12-29,2022020560,Pittsburgh Penguins,Detroit Red Wings
2022-12-29,2022020561,Seattle Kraken,Calgary Flames
2022-12-29,2022020562,Anaheim Ducks,Vegas Golden Knights
2022-12-30,2022020563,Buffalo Sabres,Detroit Red Wings
2022-12-30,2022020564,Florida Panthers,Montréal Canadiens
2022-12-30,2022020565,Tampa Bay Lightning,New York Rangers
2022-12-30,2022020566,Washington Capitals,Ottawa Senators
2022-12-30,2022020567,New York Islanders,Columbus Blue Jackets
2022-12-30,2022020568,St. Louis Blues,Chicago Blackhawks
2022-12-30,2022020569,Minnesota Wild,Dallas Stars
2022-12-30,2022020570,Winnipeg Jets,Vancouver Canucks
2022-12-30,2022020571,Colorado Avalanche,Los Angeles Kings
2022-12-30,2022020572,Arizona Coyotes,Toronto Maple Leafs
2022-12-30,2022020573,San Jose Sharks,Philadelphia Flyers
2022-12-30,2022020574,Anaheim Ducks,Nashville Predators
2022-12-31,2022020576,Pittsburgh Penguins,New Jersey Devils
2022-12-31,2022020575,Carolina Hurricanes,Florida Panthers
2022-12-31,2022020577,Seattle Kraken,Edmonton Oilers
2022-12-31,2022020578,Boston Bruins,Buffalo Sabres
2022-12-31,2022020579,Vegas Golden Knights,Nashville Predators
2022-12-31,2022020581,Los Angeles Kings,Philadelphia Flyers
2022-12-31,2022020580,Washington Capitals,Montréal Canadiens
2022-12-31,2022020582,Tampa Bay Lightning,Arizona Coyotes
2022-12-31,2022020589,St. Louis Blues,Minnesota Wild
2023-01-01,2022020585,Colorado Avalanche,Toronto Maple Leafs
2023-01-01,2022020583,Columbus Blue Jackets,Chicago Blackhawks
2023-01-01,2022020584,Detroit Red Wings,Ottawa Senators
2023-01-01,2022020586,Dallas Stars,San Jose Sharks
2023-01-01,2022020587,Calgary Flames,Vancouver Canucks
2023-01-01,2022020588,Edmonton Oilers,Winnipeg Jets
2023-01-01,2022020590,New Jersey Devils,Carolina Hurricanes
2023-01-01,2022020591,Florida Panthers,New York Rangers
2023-01-02,2022020593,Chicago Blackhawks,San Jose Sharks
2023-01-02,2022020592,Ottawa Senators,Buffalo Sabres
2023-01-02,2022020594,Seattle Kraken,New York Islanders
2023-01-02,2022020595,Boston Bruins,Pittsburgh Penguins
2023-01-03,2022020596,Colorado Avalanche,Vegas Golden Knights
2023-01-03,2022020597,Anaheim Ducks,Philadelphia Flyers
2023-01-04,2022020598,Florida Panthers,Arizona Coyotes
2023-01-04,2022020599,Washington Capitals,Buffalo Sabres
2023-01-04,2022020600,New York Rangers,Carolina Hurricanes
2023-01-04,2022020601,Ottawa Senators,Columbus Blue Jackets
2023-01-04,2022020602,Toronto Maple Leafs,St. Louis Blues
2023-01-04,2022020603,Winnipeg Jets,Calgary Flames
2023-01-04,2022020604,Nashville Predators,Montréal Canadiens
2023-01-04,2022020605,Chicago Blackhawks,Tampa Bay Lightning
2023-01-04,2022020606,Edmonton Oilers,Seattle Kraken
2023-01-04,2022020607,Vancouver Canucks,New York Islanders
2023-01-04,2022020608,Los Angeles Kings,Dallas Stars
2023-01-05,2022020609,Detroit Red Wings,New Jersey Devils
2023-01-05,2022020610,Minnesota Wild,Tampa Bay Lightning
2023-01-05,2022020611,Anaheim Ducks,Dallas Stars
2023-01-06,2022020612,Philadelphia Flyers,Arizona Coyotes
2023-01-06,2022020613,Montréal Canadiens,New York Rangers
2023-01-06,2022020614,Carolina Hurricanes,Nashville Predators
2023-01-06,2022020615,Toronto Maple Leafs,Seattle Kraken
2023-01-06,2022020616,New Jersey Devils,St. Louis Blues
2023-01-06,2022020617,Columbus Blue Jackets,Washington Capitals
2023-01-06,2022020618,Edmonton Oilers,New York Islanders
2023-01-06,2022020619,Vancouver Canucks,Colorado Avalanche
2023-01-06,2022020620,Vegas Golden Knights,Pittsburgh Penguins
2023-01-06,2022020621,Los Angeles Kings,Boston Bruins
2023-01-07,2022020622,Washington Capitals,Nashville Predators
2023-01-07,2022020623,Detroit Red Wings,Florida Panthers
2023-01-07,2022020624,Winnipeg Jets,Tampa Bay Lightning
2023-01-07,2022020625,Chicago Blackhawks,Arizona Coyotes
2023-01-07,2022020626,Calgary Flames,New York Islanders
2023-01-07,2022020627,Anaheim Ducks,San Jose Sharks
2023-01-07,2022020628,New Jersey Devils,New York Rangers
2023-01-07,2022020629,Columbus Blue Jackets,Carolina Hurricanes
2023-01-08,2022020630,Toronto Maple Leafs,Detroit Red Wings
2023-01-08,2022020631,Buffalo Sabres,Minnesota Wild
2023-01-08,2022020632,Ottawa Senators,Seattle Kraken
2023-01-08,2022020633,Montréal Canadiens,St. Louis Blues
2023-01-08,2022020635,Vegas Golden Knights,Los Angeles Kings
2023-01-08,2022020634,Edmonton Oilers,Colorado Avalanche
2023-01-08,2022020636,San Jose Sharks,Boston Bruins
2023-01-08,2022020638,Winnipeg Jets,Vancouver Canucks
2023-01-08,2022020637,Dallas Stars,Florida Panthers
2023-01-08,2022020639,Washington Capitals,Columbus Blue Jackets
2023-01-09,2022020641,Arizona Coyotes,Pittsburgh Penguins
2023-01-09,2022020640,Chicago Blackhawks,Calgary Flames
2023-01-09,2022020642,Minnesota Wild,St. Louis Blues
2023-01-09,2022020643,Philadelphia Flyers,Toronto Maple Leafs
2023-01-09,2022020644,Anaheim Ducks,Boston Bruins
2023-01-10,2022020645,Ottawa Senators,Nashville Predators
2023-01-10,2022020646,Montréal Canadiens,Seattle Kraken
2023-01-10,2022020647,Los Angeles Kings,Edmonton Oilers
2023-01-11,2022020648,Tampa Bay Lightning,Columbus Blue Jackets
2023-01-11,2022020649,New York Rangers,Minnesota Wild
2023-01-11,2022020650,Carolina Hurricanes,New Jersey Devils
2023-01-11,2022020651,Buffalo Sabres,Seattle Kraken
2023-01-11,2022020652,Pittsburgh Penguins,Vancouver Canucks
2023-01-11,2022020654,Detroit Red Wings,Winnipeg Jets
2023-01-11,2022020653,New York Islanders,Dallas Stars
2023-01-11,2022020655,St. Louis Blues,Calgary Flames
2023-01-11,2022020656,Colorado Avalanche,Florida Panthers
2023-01-11,2022020657,Arizona Coyotes,San Jose Sharks
2023-01-12,2022020659,Philadelphia Flyers,Washington Capitals
2023-01-12,2022020658,Toronto Maple Leafs,Nashville Predators
2023-01-12,2022020660,Anaheim Ducks,Edmonton Oilers
2023-01-12,2022020661,Los Angeles Kings,San Jose Sharks
2023-01-13,2022020662,Columbus Blue Jackets,Carolina Hurricanes
2023-01-13,2022020663,New York Rangers,Dallas Stars
2023-01-13,2022020664,Montréal Canadiens,Nashville Predators
2023-01-13,2022020665,Boston Bruins,Seattle Kraken
2023-01-13,2022020666,Detroit Red Wings,Toronto Maple Leafs
2023-01-13,2022020667,Tampa Bay Lightning,Vancouver Canucks
2023-01-13,2022020668,Buffalo Sabres,Winnipeg Jets
2023-01-13,2022020669,New York Islanders,Minnesota Wild
2023-01-13,2022020670,St. Louis Blues,Calgary Flames
2023-01-13,2022020671,Chicago Blackhawks,Colorado Avalanche
2023-01-13,2022020672,Arizona Coyotes,Ottawa Senators
2023-01-13,2022020673,Vegas Golden Knights,Florida Panthers
2023-01-14,2022020674,Pittsburgh Penguins,Winnipeg Jets
2023-01-14,2022020675,Anaheim Ducks,New Jersey Devils
2023-01-14,2022020676,San Jose Sharks,Edmonton Oilers
2023-01-14,2022020677,Dallas Stars,Calgary Flames
2023-01-15,2022020680,Colorado Avalanche,Ottawa Senators
2023-01-15,2022020678,Detroit Red Wings,Columbus Blue Jackets
2023-01-15,2022020679,New York Islanders,Montréal Canadiens
2023-01-15,2022020681,Washington Capitals,Philadelphia Flyers
2023-01-15,2022020682,Carolina Hurricanes,Pittsburgh Penguins
2023-01-15,2022020683,Boston Bruins,Toronto Maple Leafs
2023-01-15,2022020684,Florida Panthers,Vancouver Canucks
2023-01-15,2022020685,Minnesota Wild,Arizona Coyotes
2023-01-15,2022020686,Nashville Predators,Buffalo Sabres
2023-01-15,2022020687,Chicago Blackhawks,Seattle Kraken
2023-01-15,2022020688,St. Louis Blues,Tampa Bay Lightning
2023-01-15,2022020689,Vegas Golden Knights,Edmonton Oilers
2023-01-15,2022020690,Los Angeles Kings,New Jersey Devils
2023-01-15,2022020691,New York Rangers,Montréal Canadiens
2023-01-15,2022020692,Carolina Hurricanes,Vancouver Canucks
2023-01-16,2022020693,Winnipeg Jets,Arizona Coyotes
2023-01-16,2022020694,Buffalo Sabres,Florida Panthers
2023-01-16,2022020695,Boston Bruins,Philadelphia Flyers
2023-01-16,2022020696,Colorado Avalanche,Detroit Red Wings
2023-01-16,2022020697,San Jose Sharks,New Jersey Devils
2023-01-16,2022020698,Seattle Kraken,Tampa Bay Lightning
2023-01-16,2022020699,Vegas Golden Knights,Dallas Stars
2023-01-17,2022020700,Pittsburgh Penguins,Anaheim Ducks
2023-01-17,2022020701,Columbus Blue Jackets,New York Rangers
2023-01-17,2022020702,New York Islanders,Washington Capitals
2023-01-17,2022020703,Nashville Predators,Calgary Flames
2023-01-17,2022020704,St. Louis Blues,Ottawa Senators
2023-01-18,2022020705,Philadelphia Flyers,Anaheim Ducks
2023-01-18,2022020706,Toronto Maple Leafs,Florida Panthers
2023-01-18,2022020707,Washington Capitals,Minnesota Wild
2023-01-18,2022020708,Montréal Canadiens,Winnipeg Jets
2023-01-18,2022020709,Chicago Blackhawks,Buffalo Sabres
2023-01-18,2022020710,Arizona Coyotes,Detroit Red Wings
2023-01-18,2022020711,Edmonton Oilers,Seattle Kraken
2023-01-19,2022020712,Ottawa Senators,Pittsburgh Penguins
2023-01-19,2022020713,New York Islanders,Boston Bruins
2023-01-19,2022020714,Calgary Flames,Colorado Avalanche
2023-01-19,2022020715,Vancouver Canucks,Tampa Bay Lightning
2023-01-19,2022020716,San Jose Sharks,Dallas Stars
2023-01-20,2022020717,Columbus Blue Jackets,Anaheim Ducks
2023-01-20,2022020718,New York Rangers,Boston Bruins
2023-01-20,2022020719,Philadelphia Flyers,Chicago Blackhawks
2023-01-20,2022020720,Montréal Canadiens,Florida Panthers
2023-01-20,2022020721,Carolina Hurricanes,Minnesota Wild
2023-01-20,2022020722,Buffalo Sabres,New York Islanders
2023-01-20,2022020723,Toronto Maple Leafs,Winnipeg Jets
2023-01-20,2022020725,Edmonton Oilers,Tampa Bay Lightning
2023-01-20,2022020726,Arizona Coyotes,Washington Capitals
2023-01-20,2022020724,St. Louis Blues,Nashville Predators
2023-01-20,2022020727,Vegas Golden Knights,Detroit Red Wings
2023-01-20,2022020728,Seattle Kraken,New Jersey Devils
2023-01-20,2022020729,Los Angeles Kings,Dallas Stars
2023-01-21,2022020730,Pittsburgh Penguins,Ottawa Senators
2023-01-21,2022020731,Vancouver Canucks,Colorado Avalanche
2023-01-21,2022020732,Buffalo Sabres,Anaheim Ducks
2023-01-21,2022020733,Calgary Flames,Tampa Bay Lightning
2023-01-21,2022020734,Florida Panthers,Minnesota Wild
2023-01-22,2022020735,Detroit Red Wings,Philadelphia Flyers
2023-01-22,2022020736,Columbus Blue Jackets,San Jose Sharks
2023-01-22,2022020737,Montréal Canadiens,Toronto Maple Leafs
2023-01-22,2022020738,Ottawa Senators,Winnipeg Jets
2023-01-22,2022020739,New York Islanders,Carolina Hurricanes
2023-01-22,2022020740,Dallas Stars,Arizona Coyotes
2023-01-22,2022020741,St. Louis Blues,Chicago Blackhawks
2023-01-22,2022020742,Nashville Predators,Los Angeles Kings
2023-01-22,2022020743,Seattle Kraken,Colorado Avalanche
2023-01-22,2022020744,Vancouver Canucks,Edmonton Oilers
2023-01-22,2022020745,Vegas Golden Knights,Washington Capitals
2023-01-22,2022020746,New Jersey Devils,Pittsburgh Penguins
2023-01-23,2022020747,Chicago Blackhawks,Los Angeles Kings
2023-01-23,2022020748,Boston Bruins,San Jose Sharks
2023-01-23,2022020749,Philadelphia Flyers,Winnipeg Jets
2023-01-23,2022020750,Arizona Coyotes,Vegas Golden Knights
2023-01-24,2022020751,New York Rangers,Florida Panthers
2023-01-24,2022020752,Toronto Maple Leafs,New York Islanders
2023-01-24,2022020753,Dallas Stars,Buffalo Sabres
2023-01-24,2022020754,Calgary Flames,Columbus Blue Jackets
2023-01-25,2022020755,Montréal Canadiens,Boston Bruins
2023-01-25,2022020756,Pittsburgh Penguins,Florida Panthers
2023-01-25,2022020757,Philadelphia Flyers,Los Angeles Kings
2023-01-25,2022020758,Tampa Bay Lightning,Minnesota Wild
2023-01-25,2022020759,New Jersey Devils,Vegas Golden Knights
2023-01-25,2022020760,Detroit Red Wings,San Jose Sharks
2023-01-25,2022020761,St. Louis Blues,Buffalo Sabres
2023-01-25,2022020762,Nashville Predators,Winnipeg Jets
2023-01-25,2022020763,Arizona Coyotes,Anaheim Ducks
2023-01-25,2022020764,Colorado Avalanche,Washington Capitals
2023-01-25,2022020765,Vancouver Canucks,Chicago Blackhawks
2023-01-26,2022020766,Ottawa Senators,New York Islanders
2023-01-26,2022020767,Toronto Maple Leafs,New York Rangers
2023-01-26,2022020768,Dallas Stars,Carolina Hurricanes
2023-01-26,2022020769,Edmonton Oilers,Columbus Blue Jackets
2023-01-26,2022020770,Seattle Kraken,Vancouver Canucks
2023-01-27,2022020771,Tampa Bay Lightning,Boston Bruins
2023-01-27,2022020772,Montréal Canadiens,Detroit Red Wings
2023-01-27,2022020773,Washington Capitals,Pittsburgh Penguins
2023-01-27,2022020774,Winnipeg Jets,Buffalo Sabres
2023-01-27,2022020775,Nashville Predators,New Jersey Devils
2023-01-27,2022020778,Minnesota Wild,Philadelphia Flyers
2023-01-27,2022020776,Colorado Avalanche,Anaheim Ducks
2023-01-27,2022020777,Calgary Flames,Chicago Blackhawks
2023-01-27,2022020779,Arizona Coyotes,St. Louis Blues
2023-01-28,2022020780,New York Islanders,Detroit Red Wings
2023-01-28,2022020781,Florida Panthers,Los Angeles Kings
2023-01-28,2022020782,Toronto Maple Leafs,Ottawa Senators
2023-01-28,2022020783,Carolina Hurricanes,San Jose Sharks
2023-01-28,2022020784,New York Rangers,Vegas Golden Knights
2023-01-28,2022020785,Dallas Stars,New Jersey Devils
2023-01-28,2022020786,Seattle Kraken,Calgary Flames
2023-01-28,2022020787,Vancouver Canucks,Columbus Blue Jackets
2023-01-28,2022020788,Colorado Avalanche,St. Louis Blues
2023-01-28,2022020789,Florida Panthers,Boston Bruins
2023-01-29,2022020792,Winnipeg Jets,Philadelphia Flyers
2023-01-29,2022020790,Tampa Bay Lightning,Los Angeles Kings
2023-01-29,2022020791,Ottawa Senators,Montréal Canadiens
2023-01-29,2022020793,Pittsburgh Penguins,San Jose Sharks
2023-01-29,2022020794,New York Islanders,Vegas Golden Knights
2023-01-29,2022020795,Minnesota Wild,Buffalo Sabres
2023-01-29,2022020798,Seattle Kraken,Columbus Blue Jackets
2023-01-29,2022020797,Edmonton Oilers,Chicago Blackhawks
2023-01-29,2022020796,Anaheim Ducks,Arizona Coyotes
2023-01-29,2022020799,Carolina Hurricanes,Boston Bruins
2023-01-29,2022020800,Toronto Maple Leafs,Washington Capitals
2023-01-31,2022020801,Winnipeg Jets,St. Louis Blues
2023-02-01,2022020802,Carolina Hurricanes,Los Angeles Kings
2023-02-01,2022020803,Montréal Canadiens,Ottawa Senators
2023-02-01,2022020804,Columbus Blue Jackets,Washington Capitals
2023-02-02,2022020805,Buffalo Sabres,Carolina Hurricanes
2023-02-02,2022020806,Toronto Maple Leafs,Boston Bruins
2023-02-07,2022020807,Philadelphia Flyers,New York Islanders
2023-02-07,2022020808,Florida Panthers,Tampa Bay Lightning
2023-02-07,2022020809,New York Rangers,Calgary Flames
2023-02-07,2022020810,New Jersey Devils,Vancouver Canucks
2023-02-07,2022020811,Dallas Stars,Anaheim Ducks
2023-02-07,2022020812,Arizona Coyotes,Minnesota Wild
2023-02-08,2022020813,Pittsburgh Penguins,Colorado Avalanche
2023-02-08,2022020814,Tampa Bay Lightning,San Jose Sharks
2023-02-08,2022020815,Detroit Red Wings,Edmonton Oilers
2023-02-08,2022020816,New York Islanders,Seattle Kraken
2023-02-08,2022020817,Nashville Predators,Vegas Golden Knights
2023-02-08,2022020818,Chicago Blackhawks,Anaheim Ducks
2023-02-09,2022020819,New York Rangers,Vancouver Canucks
2023-02-09,2022020820,Dallas Stars,Minnesota Wild
2023-02-10,2022020821,Tampa Bay Lightning,Colorado Avalanche
2023-02-10,2022020822,Philadelphia Flyers,Edmonton Oilers
2023-02-10,2022020823,Florida Panthers,San Jose Sharks
2023-02-10,2022020824,New Jersey Devils,Seattle Kraken
2023-02-10,2022020825,Detroit Red Wings,Calgary Flames
2023-02-10,2022020826,New York Islanders,Vancouver Canucks
2023-02-10,2022020827,Minnesota Wild,Vegas Golden Knights
2023-02-11,2022020828,New York Rangers,Seattle Kraken
2023-02-11,2022020829,Columbus Blue Jackets,Toronto Maple Leafs
2023-02-11,2022020830,Chicago Blackhawks,Arizona Coyotes
2023-02-11,2022020831,Anaheim Ducks,Pittsburgh Penguins
2023-02-11,2022020832,Detroit Red Wings,Vancouver Canucks
2023-02-11,2022020833,Buffalo Sabres,Calgary Flames
2023-02-11,2022020834,Ottawa Senators,Edmonton Oilers
2023-02-11,2022020835,Montréal Canadiens,New York Islanders
2023-02-11,2022020836,Philadelphia Flyers,Nashville Predators
2023-02-11,2022020837,Dallas Stars,Tampa Bay Lightning
2023-02-11,2022020838,Boston Bruins,Washington Capitals
2023-02-11,2022020839,Florida Panthers,Colorado Avalanche
2023-02-12,2022020840,Toronto Maple Leafs,Columbus Blue Jackets
2023-02-12,2022020841,Carolina Hurricanes,New York Rangers
2023-02-12,2022020842,St. Louis Blues,Arizona Coyotes
2023-02-12,2022020843,Minnesota Wild,New Jersey Devils
2023-02-12,2022020844,Winnipeg Jets,Chicago Blackhawks
2023-02-12,2022020845,Los Angeles Kings,Pittsburgh Penguins
2023-02-12,2022020846,Montréal Canadiens,Edmonton Oilers
2023-02-12,2022020848,Philadelphia Flyers,Seattle Kraken
2023-02-12,2022020847,Washington Capitals,San Jose Sharks
2023-02-12,2022020849,Vegas Golden Knights,Anaheim Ducks
2023-02-14,2022020850,Ottawa Senators,Calgary Flames
2023-02-14,2022020851,Nashville Predators,Arizona Coyotes
2023-02-14,2022020852,Minnesota Wild,Florida Panthers
2023-02-14,2022020853,Vancouver Canucks,Detroit Red Wings
2023-02-14,2022020854,Los Angeles Kings,Buffalo Sabres
2023-02-15,2022020855,Washington Capitals,Carolina Hurricanes
2023-02-15,2022020856,Montréal Canadiens,Chicago Blackhawks
2023-02-15,2022020857,Columbus Blue Jackets,New Jersey Devils
2023-02-15,2022020858,New York Islanders,Ottawa Senators
2023-02-15,2022020859,St. Louis Blues,Florida Panthers
2023-02-15,2022020860,Winnipeg Jets,Seattle Kraken
2023-02-15,2022020861,Dallas Stars,Boston Bruins
2023-02-15,2022020862,Colorado Avalanche,Tampa Bay Lightning
2023-02-15,2022020863,San Jose Sharks,Pittsburgh Penguins
2023-02-16,2022020864,Toronto Maple Leafs,Chicago Blackhawks
2023-02-16,2022020865,Arizona Coyotes,Tampa Bay Lightning
2023-02-16,2022020867,Edmonton Oilers,Detroit Red Wings
2023-02-16,2022020866,Minnesota Wild,Colorado Avalanche
2023-02-16,2022020868,Anaheim Ducks,Buffalo Sabres
2023-02-16,2022020869,Vancouver Canucks,New York Rangers
2023-02-17,2022020870,Washington Capitals,Florida Panthers
2023-02-17,2022020871,Carolina Hurricanes,Montréal Canadiens
2023-02-17,2022020872,Columbus Blue Jackets,Winnipeg Jets
2023-02-17,2022020873,Nashville Predators,Boston Bruins
2023-02-17,2022020875,Calgary Flames,Detroit Red Wings
2023-02-17,2022020874,St. Louis Blues,New Jersey Devils
2023-02-17,2022020876,Seattle Kraken,Philadelphia Flyers
2023-02-17,2022020877,Vegas Golden Knights,San Jose Sharks
2023-02-18,2022020878,Ottawa Senators,Chicago Blackhawks
2023-02-18,2022020879,New York Islanders,Pittsburgh Penguins
2023-02-18,2022020880,Minnesota Wild,Dallas Stars
2023-02-18,2022020882,Anaheim Ducks,Los Angeles Kings
2023-02-18,2022020881,Edmonton Oilers,New York Rangers
2023-02-18,2022020883,St. Louis Blues,Colorado Avalanche
2023-02-18,2022020884,Nashville Predators,Florida Panthers
2023-02-18,2022020885,Boston Bruins,New York Islanders
2023-02-18,2022020886,Pittsburgh Penguins,New Jersey Devils
2023-02-18,2022020887,Dallas Stars,Columbus Blue Jackets
2023-02-19,2022020888,Toronto Maple Leafs,Montréal Canadiens
2023-02-19,2022020889,Carolina Hurricanes,Washington Capitals
2023-02-19,2022020891,Vancouver Canucks,Philadelphia Flyers
2023-02-19,2022020890,Calgary Flames,New York Rangers
2023-02-19,2022020892,Los Angeles Kings,Arizona Coyotes
2023-02-19,2022020893,San Jose Sharks,Buffalo Sabres
2023-02-19,2022020894,Seattle Kraken,Detroit Red Wings
2023-02-19,2022020895,Vegas Golden Knights,Tampa Bay Lightning
2023-02-19,2022020896,Minnesota Wild,Nashville Predators
2023-02-19,2022020897,Ottawa Senators,St. Louis Blues
2023-02-19,2022020898,Colorado Avalanche,Edmonton Oilers
2023-02-19,2022020899,Chicago Blackhawks,Toronto Maple Leafs
2023-02-20,2022020900,New Jersey Devils,Winnipeg Jets
2023-02-20,2022020901,Arizona Coyotes,Columbus Blue Jackets
2023-02-20,2022020902,Florida Panthers,Anaheim Ducks
2023-02-20,2022020903,Boston Bruins,Ottawa Senators
2023-02-20,2022020905,San Jose Sharks,Seattle Kraken
2023-02-20,2022020904,Calgary Flames,Philadelphia Flyers
2023-02-21,2022020906,Pittsburgh Penguins,New York Islanders
2023-02-21,2022020907,New York Rangers,Winnipeg Jets
2023-02-22,2022020908,Tampa Bay Lightning,Anaheim Ducks
2023-02-22,2022020909,Washington Capitals,Detroit Red Wings
2023-02-22,2022020910,New Jersey Devils,Montréal Canadiens
2023-02-22,2022020911,Carolina Hurricanes,St. Louis Blues
2023-02-22,2022020912,Buffalo Sabres,Toronto Maple Leafs
2023-02-22,2022020913,Minnesota Wild,Los Angeles Kings
2023-02-22,2022020914,Nashville Predators,Vancouver Canucks
2023-02-22,2022020915,Chicago Blackhawks,Vegas Golden Knights
2023-02-22,2022020916,Edmonton Oilers,Philadelphia Flyers
2023-02-23,2022020917,New York Islanders,Winnipeg Jets
2023-02-23,2022020919,Arizona Coyotes,Calgary Flames
2023-02-23,2022020918,Dallas Stars,Chicago Blackhawks
2023-02-24,2022020920,Washington Capitals,Anaheim Ducks
2023-02-24,2022020921,Tampa Bay Lightning,Buffalo Sabres
2023-02-24,2022020922,Pittsburgh Penguins,Edmonton Oilers
2023-02-24,2022020923,New Jersey Devils,Los Angeles Kings
2023-02-24,2022020924,Columbus Blue Jackets,Minnesota Wild
2023-02-24,2022020925,Detroit Red Wings,New York Rangers
2023-02-24,2022020926,St. Louis Blues,Vancouver Canucks
2023-02-24,2022020928,Vegas Golden Knights,Calgary Flames
2023-02-24,2022020927,Seattle Kraken,Boston Bruins
2023-02-24,2022020929,San Jose Sharks,Nashville Predators
2023-02-25,2022020930,Florida Panthers,Buffalo Sabres
2023-02-25,2022020931,Toronto Maple Leafs,Minnesota Wild
2023-02-25,2022020932,Philadelphia Flyers,Montréal Canadiens
2023-02-25,2022020933,Carolina Hurricanes,Ottawa Senators
2023-02-25,2022020934,New York Islanders,Los Angeles Kings
2023-02-25,2022020935,Winnipeg Jets,Colorado Avalanche
2023-02-25,2022020936,Columbus Blue Jackets,Edmonton Oilers
2023-02-25,2022020937,Washington Capitals,New York Rangers
2023-02-25,2022020943,St. Louis Blues,Pittsburgh Penguins
2023-02-26,2022020939,Vancouver Canucks,Boston Bruins
2023-02-26,2022020938,Carolina Hurricanes,Anaheim Ducks
2023-02-26,2022020940,Montréal Canadiens,Ottawa Senators
2023-02-26,2022020941,New Jersey Devils,Philadelphia Flyers
2023-02-26,2022020942,Detroit Red Wings,Tampa Bay Lightning
2023-02-26,2022020945,Vegas Golden Knights,Dallas Stars
2023-02-26,2022020944,Colorado Avalanche,Calgary Flames
2023-02-26,2022020946,San Jose Sharks,Chicago Blackhawks
2023-02-26,2022020947,Buffalo Sabres,Washington Capitals
2023-02-26,2022020948,Minnesota Wild,Columbus Blue Jackets
2023-02-26,2022020949,Winnipeg Jets,New York Islanders
2023-02-26,2022020950,New York Rangers,Los Angeles Kings
2023-02-26,2022020951,Pittsburgh Penguins,Tampa Bay Lightning
2023-02-27,2022020953,Seattle Kraken,Toronto Maple Leafs
2023-02-27,2022020952,Arizona Coyotes,Nashville Predators
2023-02-28,2022020954,Edmonton Oilers,Boston Bruins
2023-02-28,2022020955,Dallas Stars,Vancouver Canucks
2023-02-28,2022020956,Colorado Avalanche,Vegas Golden Knights
2023-02-28,2022020957,Anaheim Ducks,Chicago Blackhawks
2023-03-01,2022020959,Ottawa Senators,Detroit Red Wings
2023-03-01,2022020960,Tampa Bay Lightning,Florida Panthers
2023-03-01,2022020958,Buffalo Sabres,Columbus Blue Jackets
2023-03-01,2022020961,Winnipeg Jets,Los Angeles Kings
2023-03-01,2022020962,Minnesota Wild,New York Islanders
2023-03-01,2022020963,Nashville Predators,Pittsburgh Penguins
2023-03-01,2022020964,St. Louis Blues,Seattle Kraken
2023-03-01,2022020965,Calgary Flames,Boston Bruins
2023-03-01,2022020966,Arizona Coyotes,Chicago Blackhawks
2023-03-01,2022020967,San Jose Sharks,Montréal Canadiens
2023-03-02,2022020968,Philadelphia Flyers,New York Rangers
2023-03-02,2022020969,Edmonton Oilers,Toronto Maple Leafs
2023-03-02,2022020970,Dallas Stars,Arizona Coyotes
2023-03-02,2022020971,Colorado Avalanche,New Jersey Devils
2023-03-02,2022020972,Vegas Golden Knights,Carolina Hurricanes
2023-03-02,2022020973,Anaheim Ducks,Washington Capitals
2023-03-03,2022020975,Florida Panthers,Nashville Predators
2023-03-03,2022020976,New York Rangers,Ottawa Senators
2023-03-03,2022020977,Tampa Bay Lightning,Pittsburgh Penguins
2023-03-03,2022020978,Detroit Red Wings,Seattle Kraken
2023-03-03,2022020974,Boston Bruins,Buffalo Sabres
2023-03-03,2022020979,Chicago Blackhawks,Dallas Stars
2023-03-03,2022020980,Calgary Flames,Toronto Maple Leafs
2023-03-03,2022020981,Vancouver Canucks,Minnesota Wild
2023-03-03,2022020982,Los Angeles Kings,Montréal Canadiens
2023-03-03,2022020983,San Jose Sharks,St. Louis Blues
2023-03-04,2022020984,Columbus Blue Jackets,Seattle Kraken
2023-03-04,2022020985,Edmonton Oilers,Winnipeg Jets
2023-03-04,2022020986,Arizona Coyotes,Carolina Hurricanes
2023-03-04,2022020987,Anaheim Ducks,Montréal Canadiens
2023-03-04,2022020988,Vegas Golden Knights,New Jersey Devils
2023-03-04,2022020989,New York Islanders,Detroit Red Wings
2023-03-04,2022020990,Buffalo Sabres,Philadelphia Flyers
2023-03-04,2022020991,Boston Bruins,New York Rangers
2023-03-04,2022020997,Dallas Stars,Colorado Avalanche
2023-03-04,2022020993,San Jose Sharks,Washington Capitals
2023-03-04,2022020992,Florida Panthers,Pittsburgh Penguins
2023-03-05,2022020996,Vancouver Canucks,Toronto Maple Leafs
2023-03-05,2022020995,Winnipeg Jets,Edmonton Oilers
2023-03-05,2022020994,Ottawa Senators,Columbus Blue Jackets
2023-03-05,2022020998,Chicago Blackhawks,Nashville Predators
2023-03-05,2022020999,Calgary Flames,Minnesota Wild
2023-03-05,2022021000,Los Angeles Kings,St. Louis Blues
2023-03-05,2022021001,Carolina Hurricanes,Tampa Bay Lightning
2023-03-05,2022021003,Vegas Golden Knights,Montréal Canadiens
2023-03-05,2022021002,Philadelphia Flyers,Detroit Red Wings
2023-03-06,2022021004,Arizona Coyotes,New Jersey Devils
2023-03-06,2022021005,Colorado Avalanche,Seattle Kraken
2023-03-07,2022021007,Winnipeg Jets,San Jose Sharks
2023-03-07,2022021006,Buffalo Sabres,Edmonton Oilers
2023-03-07,2022021008,Dallas Stars,Calgary Flames
2023-03-07,2022021009,Chicago Blackhawks,Ottawa Senators
2023-03-07,2022021010,Vancouver Canucks,Nashville Predators
2023-03-07,2022021011,Los Angeles Kings,Washington Capitals
2023-03-08,2022021012,Montréal Canadiens,Carolina Hurricanes
2023-03-08,2022021013,Pittsburgh Penguins,Columbus Blue Jackets
2023-03-08,2022021014,Tampa Bay Lightning,Philadelphia Flyers
2023-03-08,2022021015,New Jersey Devils,Toronto Maple Leafs
2023-03-08,2022021016,Florida Panthers,Vegas Golden Knights
2023-03-08,2022021017,New York Islanders,Buffalo Sabres
2023-03-08,2022021018,Minnesota Wild,Calgary Flames
2023-03-08,2022021019,Colorado Avalanche,San Jose Sharks
2023-03-08,2022021020,Arizona Coyotes,St. Louis Blues
2023-03-08,2022021021,Seattle Kraken,Anaheim Ducks
2023-03-09,2022021023,Winnipeg Jets,Minnesota Wild
2023-03-09,2022021022,Detroit Red Wings,Chicago Blackhawks
2023-03-09,2022021024,Vancouver Canucks,Anaheim Ducks
2023-03-10,2022021025,Buffalo Sabres,Dallas Stars
2023-03-10,2022021027,Pittsburgh Penguins,New York Islanders
2023-03-10,2022021028,Montréal Canadiens,New York Rangers
2023-03-10,2022021029,Washington Capitals,New Jersey Devils
2023-03-10,2022021030,Carolina Hurricanes,Philadelphia Flyers
2023-03-10,2022021031,Tampa Bay Lightning,Vegas Golden Knights
2023-03-10,2022021026,Boston Bruins,Edmonton Oilers
2023-03-10,2022021032,St. Louis Blues,San Jose Sharks
2023-03-10,2022021033,Colorado Avalanche,Los Angeles Kings
2023-03-10,2022021034,Arizona Coyotes,Nashville Predators
2023-03-10,2022021035,Seattle Kraken,Ottawa Senators
2023-03-11,2022021036,Florida Panthers,Chicago Blackhawks
2023-03-11,2022021037,Calgary Flames,Anaheim Ducks
2023-03-11,2022021038,Boston Bruins,Detroit Red Wings
2023-03-11,2022021039,Pittsburgh Penguins,Philadelphia Flyers
2023-03-11,2022021040,Buffalo Sabres,New York Rangers
2023-03-11,2022021041,Colorado Avalanche,Arizona Coyotes
2023-03-12,2022021042,Tampa Bay Lightning,Chicago Blackhawks
2023-03-12,2022021043,Toronto Maple Leafs,Edmonton Oilers
2023-03-12,2022021044,Montréal Canadiens,New Jersey Devils
2023-03-12,2022021045,Columbus Blue Jackets,St. Louis Blues
2023-03-12,2022021046,Carolina Hurricanes,Vegas Golden Knights
2023-03-12,2022021047,Florida Panthers,Winnipeg Jets
2023-03-12,2022021048,New York Islanders,Washington Capitals
2023-03-12,2022021049,Seattle Kraken,Dallas Stars
2023-03-12,2022021050,Vancouver Canucks,Ottawa Senators
2023-03-12,2022021051,San Jose Sharks,Minnesota Wild
2023-03-12,2022021052,Los Angeles Kings,Nashville Predators
2023-03-12,2022021053,Detroit Red Wings,Boston Bruins
2023-03-12,2022021054,Pittsburgh Penguins,New York Rangers
2023-03-12,2022021056,St. Louis Blues,Vegas Golden Knights
2023-03-12,2022021055,New Jersey Devils,Carolina Hurricanes
2023-03-12,2022021057,Tampa Bay Lightning,Winnipeg Jets
2023-03-13,2022021059,Calgary Flames,Ottawa Senators
2023-03-13,2022021058,Arizona Coyotes,Minnesota Wild
2023-03-13,2022021060,Anaheim Ducks,Nashville Predators
2023-03-13,2022021061,Toronto Maple Leafs,Buffalo Sabres
2023-03-13,2022021062,Montréal Canadiens,Colorado Avalanche
2023-03-14,2022021063,Seattle Kraken,Dallas Stars
2023-03-14,2022021064,Pittsburgh Penguins,Montréal Canadiens
2023-03-14,2022021065,New Jersey Devils,Tampa Bay Lightning
2023-03-14,2022021066,Philadelphia Flyers,Vegas Golden Knights
2023-03-14,2022021067,New York Rangers,Washington Capitals
2023-03-14,2022021068,Carolina Hurricanes,Winnipeg Jets
2023-03-15,2022021069,Nashville Predators,Detroit Red Wings
2023-03-15,2022021070,Chicago Blackhawks,Boston Bruins
2023-03-15,2022021071,Edmonton Oilers,Ottawa Senators
2023-03-15,2022021072,Arizona Coyotes,Calgary Flames
2023-03-15,2022021073,Vancouver Canucks,Dallas Stars
2023-03-15,2022021074,San Jose Sharks,Columbus Blue Jackets
2023-03-15,2022021075,Los Angeles Kings,New York Islanders
2023-03-15,2022021076,Washington Capitals,Buffalo Sabres
2023-03-15,2022021077,Toronto Maple Leafs,Colorado Avalanche
2023-03-16,2022021078,St. Louis Blues,Minnesota Wild
2023-03-16,2022021079,Anaheim Ducks,New York Islanders
2023-03-16,2022021080,Ottawa Senators,Colorado Avalanche
2023-03-16,2022021081,Florida Panthers,Montréal Canadiens
2023-03-16,2022021082,New York Rangers,Pittsburgh Penguins
2023-03-16,2022021083,New Jersey Devils,Tampa Bay Lightning
2023-03-17,2022021084,Winnipeg Jets,Boston Bruins
2023-03-17,2022021085,Nashville Predators,Chicago Blackhawks
2023-03-17,2022021086,Edmonton Oilers,Dallas Stars
2023-03-17,2022021087,Vegas Golden Knights,Calgary Flames
2023-03-17,2022021088,Arizona Coyotes,Vancouver Canucks
2023-03-17,2022021089,Los Angeles Kings,Columbus Blue Jackets
2023-03-17,2022021090,San Jose Sharks,Seattle Kraken
2023-03-17,2022021091,Philadelphia Flyers,Buffalo Sabres
2023-03-17,2022021092,Toronto Maple Leafs,Carolina Hurricanes
2023-03-17,2022021093,Washington Capitals,St. Louis Blues
2023-03-18,2022021094,Anaheim Ducks,Columbus Blue Jackets
2023-03-18,2022021095,Detroit Red Wings,Colorado Avalanche
2023-03-18,2022021096,Minnesota Wild,Boston Bruins
2023-03-18,2022021097,Nashville Predators,Winnipeg Jets
2023-03-18,2022021098,Seattle Kraken,Edmonton Oilers
2023-03-18,2022021099,Philadelphia Flyers,Carolina Hurricanes
2023-03-18,2022021100,Florida Panthers,New Jersey Devils
2023-03-18,2022021101,Tampa Bay Lightning,Montréal Canadiens
2023-03-18,2022021102,Ottawa Senators,Toronto Maple Leafs
2023-03-19,2022021103,New York Rangers,Pittsburgh Penguins
2023-03-19,2022021105,Los Angeles Kings,Vancouver Canucks
2023-03-19,2022021104,Calgary Flames,Dallas Stars
2023-03-19,2022021106,Arizona Coyotes,Chicago Blackhawks
2023-03-19,2022021107,San Jose Sharks,New York Islanders
2023-03-19,2022021108,Buffalo Sabres,Boston Bruins
2023-03-19,2022021109,Minnesota Wild,Washington Capitals
2023-03-19,2022021110,Vegas Golden Knights,Columbus Blue Jackets
2023-03-19,2022021113,St. Louis Blues,Winnipeg Jets
2023-03-19,2022021111,New York Rangers,Nashville Predators
2023-03-19,2022021112,Tampa Bay Lightning,New Jersey Devils
2023-03-20,2022021114,Anaheim Ducks,Vancouver Canucks
2023-03-20,2022021115,Pittsburgh Penguins,Ottawa Senators
2023-03-20,2022021116,Detroit Red Wings,Florida Panthers
2023-03-21,2022021117,Colorado Avalanche,Chicago Blackhawks
2023-03-21,2022021118,Edmonton Oilers,San Jose Sharks
2023-03-21,2022021119,Los Angeles Kings,Calgary Flames
2023-03-21,2022021120,New York Rangers,Carolina Hurricanes
2023-03-21,2022021121,Washington Capitals,Columbus Blue Jackets
2023-03-21,2022021122,Philadelphia Flyers,Florida Panthers
2023-03-21,2022021123,New Jersey Devils,Minnesota Wild
2023-03-21,2022021124,Buffalo Sabres,Nashville Predators
2023-03-21,2022021125,Boston Bruins,Ottawa Senators
2023-03-21,2022021126,Montréal Canadiens,Tampa Bay Lightning
2023-03-21,2022021127,New York Islanders,Toronto Maple Leafs
2023-03-22,2022021128,Winnipeg Jets,Arizona Coyotes
2023-03-22,2022021129,St. Louis Blues,Detroit Red Wings
2023-03-22,2022021130,Dallas Stars,Seattle Kraken
2023-03-22,2022021131,Anaheim Ducks,Calgary Flames
2023-03-22,2022021132,Vancouver Canucks,Vegas Golden Knights
2023-03-23,2022021133,Colorado Avalanche,Pittsburgh Penguins
2023-03-23,2022021134,Edmonton Oilers,Arizona Coyotes
2023-03-23,2022021136,Philadelphia Flyers,Minnesota Wild
2023-03-23,2022021135,Washington Capitals,Chicago Blackhawks
2023-03-23,2022021137,Boston Bruins,Montréal Canadiens
2023-03-23,2022021138,Carolina Hurricanes,New York Rangers
2023-03-23,2022021139,Ottawa Senators,Tampa Bay Lightning
2023-03-23,2022021140,Florida Panthers,Toronto Maple Leafs
2023-03-23,2022021141,Detroit Red Wings,St. Louis Blues
2023-03-24,2022021142,Nashville Predators,Seattle Kraken
2023-03-24,2022021144,Calgary Flames,Vegas Golden Knights
2023-03-24,2022021143,Dallas Stars,Pittsburgh Penguins
2023-03-24,2022021145,Vancouver Canucks,San Jose Sharks
2023-03-24,2022021146,Anaheim Ducks,Winnipeg Jets
2023-03-24,2022021147,Columbus Blue Jackets,New York Islanders
2023-03-24,2022021148,Buffalo Sabres,New Jersey Devils
2023-03-25,2022021149,Colorado Avalanche,Arizona Coyotes
2023-03-25,2022021150,Philadelphia Flyers,Detroit Red Wings
2023-03-25,2022021151,Boston Bruins,Tampa Bay Lightning
2023-03-25,2022021152,Nashville Predators,Seattle Kraken
2023-03-25,2022021154,Los Angeles Kings,Winnipeg Jets
2023-03-25,2022021153,Calgary Flames,San Jose Sharks
2023-03-25,2022021155,Minnesota Wild,Chicago Blackhawks
2023-03-25,2022021156,Florida Panthers,New York Rangers
2023-03-25,2022021157,New York Islanders,Buffalo Sabres
2023-03-25,2022021161,Dallas Stars,Vancouver Canucks
2023-03-25,2022021158,Montréal Canadiens,Columbus Blue Jackets
2023-03-25,2022021159,New Jersey Devils,Ottawa Senators
2023-03-25,2022021160,Carolina Hurricanes,Toronto Maple Leafs
2023-03-26,2022021162,Pittsburgh Penguins,Washington Capitals
2023-03-26,2022021163,Edmonton Oilers,Vegas Golden Knights
2023-03-26,2022021164,Anaheim Ducks,St. Louis Blues
2023-03-26,2022021165,Arizona Coyotes,Colorado Avalanche
2023-03-26,2022021166,Carolina Hurricanes,Boston Bruins
2023-03-26,2022021167,Nashville Predators,Toronto Maple Leafs
2023-03-26,2022021168,Chicago Blackhawks,Vancouver Canucks
2023-03-27,2022021169,Los Angeles Kings,St. Louis Blues
2023-03-27,2022021170,Ottawa Senators,Florida Panthers
2023-03-27,2022021171,Buffalo Sabres,Montréal Canadiens
2023-03-27,2022021172,New York Islanders,New Jersey Devils
2023-03-28,2022021173,Minnesota Wild,Seattle Kraken
2023-03-28,2022021174,Anaheim Ducks,Colorado Avalanche
2023-03-28,2022021175,Arizona Coyotes,Edmonton Oilers
2023-03-28,2022021176,New York Rangers,Columbus Blue Jackets
2023-03-28,2022021177,Philadelphia Flyers,Montréal Canadiens
2023-03-28,2022021178,Boston Bruins,Nashville Predators
2023-03-28,2022021179,Carolina Hurricanes,Tampa Bay Lightning
2023-03-28,2022021180,Detroit Red Wings,Pittsburgh Penguins
2023-03-29,2022021181,St. Louis Blues,Vancouver Canucks
2023-03-29,2022021182,Chicago Blackhawks,Dallas Stars
2023-03-29,2022021183,Calgary Flames,Los Angeles Kings
2023-03-29,2022021184,Vegas Golden Knights,Edmonton Oilers
2023-03-29,2022021185,San Jose Sharks,Winnipeg Jets
2023-03-29,2022021186,Toronto Maple Leafs,Florida Panthers
2023-03-29,2022021187,Washington Capitals,New York Islanders
2023-03-30,2022021188,Colorado Avalanche,Minnesota Wild
2023-03-30,2022021189,Boston Bruins,Columbus Blue Jackets
2023-03-30,2022021190,Montréal Canadiens,Florida Panthers
2023-03-30,2022021191,New Jersey Devils,New York Rangers
2023-03-30,2022021192,Pittsburgh Penguins,Nashville Predators
2023-03-30,2022021193,Ottawa Senators,Philadelphia Flyers
2023-03-30,2022021194,Tampa Bay Lightning,Washington Capitals
2023-03-30,2022021195,Detroit Red Wings,Carolina Hurricanes
2023-03-31,2022021196,Chicago Blackhawks,St. Louis Blues
2023-03-31,2022021197,Edmonton Oilers,Los Angeles Kings
2023-03-31,2022021198,Seattle Kraken,Anaheim Ducks
2023-03-31,2022021199,San Jose Sharks,Vegas Golden Knights
2023-03-31,2022021200,Buffalo Sabres,New York Rangers
2023-04-01,2022021201,Winnipeg Jets,Detroit Red Wings
2023-04-01,2022021202,Vancouver Canucks,Calgary Flames
2023-04-01,2022021203,Arizona Coyotes,Dallas Stars
2023-04-01,2022021204,Nashville Predators,St. Louis Blues
2023-04-01,2022021205,Pittsburgh Penguins,Boston Bruins
2023-04-01,2022021206,Philadelphia Flyers,Buffalo Sabres
2023-04-01,2022021207,Montréal Canadiens,Carolina Hurricanes
2023-04-01,2022021208,Columbus Blue Jackets,Florida Panthers
2023-04-01,2022021209,Tampa Bay Lightning,New York Islanders
2023-04-01,2022021210,Ottawa Senators,Toronto Maple Leafs
2023-04-02,2022021211,Chicago Blackhawks,New Jersey Devils
2023-04-02,2022021212,Colorado Avalanche,Dallas Stars
2023-04-02,2022021214,Seattle Kraken,Los Angeles Kings
2023-04-02,2022021215,Vegas Golden Knights,Minnesota Wild
2023-04-02,2022021216,Arizona Coyotes,San Jose Sharks
2023-04-02,2022021213,Edmonton Oilers,Anaheim Ducks
2023-04-02,2022021217,Washington Capitals,New York Rangers
2023-04-02,2022021218,St. Louis Blues,Boston Bruins
2023-04-02,2022021219,Carolina Hurricanes,New York Islanders
2023-04-02,2022021220,Columbus Blue Jackets,Ottawa Senators
2023-04-02,2022021221,Pittsburgh Penguins,Philadelphia Flyers
2023-04-02,2022021223,Winnipeg Jets,New Jersey Devils
2023-04-02,2022021222,Toronto Maple Leafs,Detroit Red Wings
2023-04-03,2022021225,Vancouver Canucks,Los Angeles Kings
2023-04-03,2022021224,Calgary Flames,Anaheim Ducks
2023-04-04,2022021226,Minnesota Wild,Vegas Golden Knights
2023-04-04,2022021227,Dallas Stars,Nashville Predators
2023-04-04,2022021228,Seattle Kraken,Arizona Coyotes
2023-04-04,2022021229,Florida Panthers,Buffalo Sabres
2023-04-04,2022021230,Toronto Maple Leafs,Columbus Blue Jackets
2023-04-04,2022021231,Montréal Canadiens,Detroit Red Wings
2023-04-04,2022021232,Carolina Hurricanes,Ottawa Senators
2023-04-04,2022021233,New Jersey Devils,Pittsburgh Penguins
2023-04-05,2022021234,St. Louis Blues,Philadelphia Flyers
2023-04-05,2022021235,Nashville Predators,Vegas Golden Knights
2023-04-05,2022021236,Calgary Flames,Chicago Blackhawks
2023-04-05,2022021238,Vancouver Canucks,Seattle Kraken
2023-04-05,2022021237,Los Angeles Kings,Edmonton Oilers
2023-04-05,2022021239,San Jose Sharks,Colorado Avalanche
2023-04-05,2022021240,Winnipeg Jets,Calgary Flames
2023-04-05,2022021241,New York Rangers,Tampa Bay Lightning
2023-04-06,2022021242,Anaheim Ducks,Edmonton Oilers
2023-04-06,2022021243,New Jersey Devils,Columbus Blue Jackets
2023-04-06,2022021244,Pittsburgh Penguins,Minnesota Wild
2023-04-06,2022021245,Florida Panthers,Ottawa Senators
2023-04-06,2022021246,Boston Bruins,Toronto Maple Leafs
2023-04-06,2022021247,Montréal Canadiens,Washington Capitals
2023-04-06,2022021248,Detroit Red Wings,Buffalo Sabres
2023-04-06,2022021249,New York Islanders,Tampa Bay Lightning
2023-04-07,2022021250,Nashville Predators,Carolina Hurricanes
2023-04-07,2022021251,St. Louis Blues,New York Rangers
2023-04-07,2022021252,Dallas Stars,Philadelphia Flyers
2023-04-07,2022021254,Vancouver Canucks,Chicago Blackhawks
2023-04-07,2022021255,Vegas Golden Knights,Los Angeles Kings
2023-04-07,2022021253,Seattle Kraken,Arizona Coyotes
2023-04-07,2022021256,San Jose Sharks,Colorado Avalanche
2023-04-08,2022021257,Buffalo Sabres,Carolina Hurricanes
2023-04-08,2022021258,Minnesota Wild,St. Louis Blues
2023-04-08,2022021269,Dallas Stars,Vegas Golden Knights
2023-04-08,2022021259,San Jose Sharks,Edmonton Oilers
2023-04-08,2022021260,Arizona Coyotes,Anaheim Ducks
2023-04-08,2022021264,Winnipeg Jets,Nashville Predators
2023-04-08,2022021261,Washington Capitals,Florida Panthers
2023-04-08,2022021262,Toronto Maple Leafs,Montréal Canadiens
2023-04-08,2022021263,Columbus Blue Jackets,New York Rangers
2023-04-08,2022021265,Boston Bruins,New Jersey Devils
2023-04-08,2022021267,Ottawa Senators,Tampa Bay Lightning
2023-04-08,2022021268,New York Islanders,Philadelphia Flyers
2023-04-09,2022021266,Detroit Red Wings,Pittsburgh Penguins
2023-04-09,2022021270,Vancouver Canucks,Calgary Flames
2023-04-09,2022021271,Seattle Kraken,Chicago Blackhawks
2023-04-09,2022021272,Los Angeles Kings,Colorado Avalanche
2023-04-09,2022021273,Philadelphia Flyers,Boston Bruins
2023-04-10,2022021274,Anaheim Ducks,Colorado Avalanche
2023-04-10,2022021278,Winnipeg Jets,San Jose Sharks
2023-04-10,2022021275,New York Rangers,Buffalo Sabres
2023-04-10,2022021276,Ottawa Senators,Carolina Hurricanes
2023-04-10,2022021277,Washington Capitals,New York Islanders
2023-04-10,2022021279,Florida Panthers,Toronto Maple Leafs
2023-04-10,2022021280,Detroit Red Wings,Dallas Stars
2023-04-11,2022021281,Chicago Blackhawks,Minnesota Wild
2023-04-11,2022021282,Calgary Flames,Nashville Predators
2023-04-11,2022021283,Arizona Coyotes,Seattle Kraken
2023-04-11,2022021284,Los Angeles Kings,Vancouver Canucks
2023-04-11,2022021285,New Jersey Devils,Buffalo Sabres
2023-04-11,2022021287,Philadelphia Flyers,Columbus Blue Jackets
2023-04-11,2022021288,Carolina Hurricanes,Detroit Red Wings
2023-04-11,2022021289,Tampa Bay Lightning,Toronto Maple Leafs
2023-04-11,2022021290,Boston Bruins,Washington Capitals
2023-04-11,2022021286,Pittsburgh Penguins,Chicago Blackhawks
2023-04-12,2022021291,Minnesota Wild,Winnipeg Jets
2023-04-12,2022021292,Colorado Avalanche,Edmonton Oilers
2023-04-12,2022021293,Vegas Golden Knights,Seattle Kraken
2023-04-12,2022021294,Anaheim Ducks,Vancouver Canucks
2023-04-12,2022021295,New York Islanders,Montréal Canadiens
2023-04-12,2022021296,St. Louis Blues,Dallas Stars
2023-04-13,2022021297,Calgary Flames,San Jose Sharks
2023-04-13,2022021298,Montréal Canadiens,Boston Bruins
2023-04-13,2022021299,Florida Panthers,Carolina Hurricanes
2023-04-13,2022021300,Tampa Bay Lightning,Detroit Red Wings
2023-04-13,2022021301,Washington Capitals,New Jersey Devils
2023-04-13,2022021302,Buffalo Sabres,Ottawa Senators
2023-04-13,2022021303,Columbus Blue Jackets,Pittsburgh Penguins
2023-04-13,2022021304,New York Rangers,Toronto Maple Leafs
2023-04-14,2022021305,Nashville Predators,Minnesota Wild
2023-04-14,2022021307,Dallas Stars,St. Louis Blues
2023-04-14,2022021306,Chicago Blackhawks,Philadelphia Flyers
2023-04-14,2022021308,Edmonton Oilers,San Jose Sharks
2023-04-14,2022021309,Colorado Avalanche,Winnipeg Jets
2023-04-14,2022021310,Anaheim Ducks,Los Angeles Kings
2023-04-14,2022021311,Arizona Coyotes,Vancouver Canucks
2023-04-14,2022021312,Seattle Kraken,Vegas Golden Knights
