index,date,game_id,home_team,away_team,home_team_goals,away_team_goals,result,logreg_prediction,logreg_np_prediction,dt_prediction
447,2022-12-13,2022020448,Montreal Canadiens,Calgary Flames,2.0,1.0,1.0,0.0,,
448,2022-12-13,2022020449,Pittsburgh Penguins,Dallas Stars,2.0,1.0,1.0,1.0,,
449,2022-12-13,2022020450,New York Rangers,New Jersey Devils,4.0,3.0,1.0,0.0,,
450,2022-12-13,2022020451,Ottawa Senators,Anaheim Ducks,3.0,0.0,1.0,1.0,,
451,2022-12-13,2022020452,Minnesota Wild,Edmonton Oilers,2.0,1.0,1.0,1.0,,
452,2022-12-13,2022020453,St Louis Blues,Nashville Predators,1.0,0.0,1.0,0.0,,
453,2022-12-14,2022020454,Toronto Maple Leafs,Anaheim Ducks,7.0,0.0,1.0,1.0,1.0,
454,2022-12-14,2022020455,Florida Panthers,Columbus Blue Jackets,4.0,0.0,1.0,1.0,1.0,
455,2022-12-14,2022020456,New Jersey Devils,Dallas Stars,1.0,4.0,0.0,1.0,1.0,
456,2022-12-14,2022020457,Buffalo Sabres,Los Angeles Kings,6.0,0.0,1.0,1.0,1.0,
457,2022-12-14,2022020458,Boston Bruins,New York Islanders,4.0,3.0,1.0,1.0,1.0,
458,2022-12-14,2022020459,Tampa Bay Lightning,Seattle Kraken,6.0,2.0,1.0,1.0,1.0,
459,2022-12-14,2022020460,Detroit Red Wings,Carolina Hurricanes,0.0,1.0,0.0,0.0,0.0,
460,2022-12-14,2022020461,Nashville Predators,Edmonton Oilers,3.0,6.0,0.0,1.0,1.0,
461,2022-12-14,2022020462,Winnipeg Jets,Vegas Golden Knights,5.0,6.0,0.0,1.0,1.0,
462,2022-12-14,2022020463,Chicago Blackhawks,Washington Capitals,3.0,7.0,0.0,0.0,0.0,
463,2022-12-14,2022020464,Colorado Avalanche,Philadelphia Flyers,3.0,2.0,1.0,1.0,1.0,
464,2022-12-14,2022020465,San Jose Sharks,Arizona Coyotes,3.0,2.0,1.0,1.0,1.0,
465,2022-12-15,2022020466,Ottawa Senators,Montreal Canadiens,3.0,2.0,1.0,1.0,1.0,
466,2022-12-15,2022020467,Minnesota Wild,Detroit Red Wings,4.0,1.0,1.0,1.0,1.0,
467,2022-12-15,2022020468,Calgary Flames,Vancouver Canucks,3.0,4.0,0.0,1.0,1.0,
468,2022-12-16,2022020469,Montreal Canadiens,Anaheim Ducks,2.0,5.0,0.0,1.0,1.0,
469,2022-12-16,2022020470,Tampa Bay Lightning,Columbus Blue Jackets,4.0,1.0,1.0,1.0,1.0,
470,2022-12-16,2022020471,Washington Capitals,Dallas Stars,1.0,2.0,0.0,1.0,1.0,
471,2022-12-16,2022020472,Boston Bruins,Los Angeles Kings,2.0,3.0,0.0,1.0,1.0,
472,2022-12-16,2022020473,New Jersey Devils,Philadelphia Flyers,1.0,2.0,0.0,1.0,1.0,
473,2022-12-16,2022020474,Florida Panthers,Pittsburgh Penguins,2.0,4.0,0.0,1.0,1.0,
474,2022-12-16,2022020475,Carolina Hurricanes,Seattle Kraken,3.0,2.0,1.0,1.0,1.0,
475,2022-12-16,2022020476,New York Rangers,Toronto Maple Leafs,3.0,1.0,1.0,0.0,0.0,
476,2022-12-16,2022020477,Winnipeg Jets,Nashville Predators,2.0,1.0,1.0,1.0,1.0,
477,2022-12-16,2022020478,Chicago Blackhawks,Vegas Golden Knights,1.0,4.0,0.0,0.0,0.0,
478,2022-12-16,2022020479,Colorado Avalanche,Buffalo Sabres,2.0,4.0,0.0,1.0,1.0,
479,2022-12-16,2022020480,Edmonton Oilers,St Louis Blues,3.0,4.0,0.0,1.0,1.0,
480,2022-12-17,2022020481,Minnesota Wild,Chicago Blackhawks,4.0,1.0,1.0,1.0,1.0,
481,2022-12-17,2022020482,Calgary Flames,St Louis Blues,2.0,5.0,0.0,1.0,1.0,
482,2022-12-17,2022020483,Arizona Coyotes,New York Islanders,5.0,4.0,1.0,0.0,0.0,
483,2022-12-17,2022020484,Boston Bruins,Columbus Blue Jackets,4.0,2.0,1.0,1.0,1.0,
484,2022-12-17,2022020485,Detroit Red Wings,Ottawa Senators,3.0,6.0,0.0,0.0,0.0,
485,2022-12-17,2022020486,Edmonton Oilers,Anaheim Ducks,3.0,4.0,0.0,1.0,1.0,
486,2022-12-18,2022020487,Carolina Hurricanes,Dallas Stars,5.0,4.0,1.0,1.0,1.0,
487,2022-12-18,2022020489,Philadelphia Flyers,New York Rangers,3.0,6.0,0.0,0.0,0.0,
488,2022-12-18,2022020490,Montreal Canadiens,Tampa Bay Lightning,1.0,5.0,0.0,0.0,0.0,
489,2022-12-18,2022020491,Washington Capitals,Toronto Maple Leafs,5.0,2.0,1.0,1.0,1.0,
490,2022-12-18,2022020488,New Jersey Devils,Florida Panthers,2.0,4.0,0.0,1.0,1.0,
491,2022-12-18,2022020492,Arizona Coyotes,Buffalo Sabres,2.0,5.0,0.0,0.0,0.0,
492,2022-12-18,2022020493,Colorado Avalanche,Nashville Predators,3.0,1.0,1.0,1.0,1.0,
493,2022-12-18,2022020494,Vegas Golden Knights,New York Islanders,2.0,5.0,0.0,1.0,1.0,
494,2022-12-18,2022020495,Vancouver Canucks,Winnipeg Jets,1.0,5.0,0.0,0.0,0.0,
495,2022-12-18,2022020496,Los Angeles Kings,San Jose Sharks,3.0,2.0,1.0,1.0,1.0,
496,2022-12-18,2022020497,Minnesota Wild,Ottawa Senators,4.0,2.0,1.0,1.0,1.0,
497,2022-12-18,2022020498,Carolina Hurricanes,Pittsburgh Penguins,3.0,2.0,1.0,1.0,1.0,
498,2022-12-19,2022020499,Chicago Blackhawks,New York Rangers,1.0,7.0,0.0,0.0,0.0,
499,2022-12-19,2022020500,Seattle Kraken,Winnipeg Jets,3.0,2.0,1.0,0.0,0.0,
500,2022-12-19,2022020501,San Jose Sharks,Calgary Flames,2.0,5.0,0.0,1.0,1.0,
501,2022-12-20,2022020502,Columbus Blue Jackets,Dallas Stars,1.0,2.0,0.0,0.0,0.0,
502,2022-12-20,2022020503,Washington Capitals,Detroit Red Wings,4.0,3.0,1.0,1.0,1.0,
503,2022-12-20,2022020504,Boston Bruins,Florida Panthers,7.0,3.0,1.0,1.0,1.0,
504,2022-12-20,2022020505,Nashville Predators,Edmonton Oilers,4.0,3.0,1.0,1.0,1.0,
505,2022-12-20,2022020506,Colorado Avalanche,New York Islanders,1.0,0.0,1.0,1.0,1.0,
506,2022-12-20,2022020507,Vegas Golden Knights,Buffalo Sabres,2.0,3.0,0.0,1.0,1.0,
507,2022-12-20,2022020508,Arizona Coyotes,Montreal Canadiens,2.0,3.0,0.0,0.0,0.0,
508,2022-12-20,2022020509,Vancouver Canucks,St Louis Blues,1.0,5.0,0.0,0.0,0.0,
509,2022-12-21,2022020510,Philadelphia Flyers,Columbus Blue Jackets,5.0,3.0,1.0,0.0,0.0,
510,2022-12-21,2022020511,Pittsburgh Penguins,New York Rangers,3.0,2.0,1.0,1.0,1.0,
511,2022-12-21,2022020512,Carolina Hurricanes,New Jersey Devils,4.0,1.0,1.0,1.0,1.0,
512,2022-12-21,2022020513,Toronto Maple Leafs,Tampa Bay Lightning,4.0,1.0,1.0,1.0,1.0,
513,2022-12-21,2022020514,Winnipeg Jets,Ottawa Senators,5.0,1.0,1.0,1.0,1.0,
514,2022-12-21,2022020515,Seattle Kraken,St Louis Blues,5.0,2.0,1.0,1.0,1.0,
515,2022-12-21,2022020516,Los Angeles Kings,Anaheim Ducks,4.0,1.0,1.0,1.0,1.0,
516,2022-12-21,2022020517,San Jose Sharks,Calgary Flames,3.0,7.0,0.0,1.0,1.0,
517,2022-12-22,2022020518,Florida Panthers,New Jersey Devils,2.0,4.0,0.0,0.0,0.0,
518,2022-12-22,2022020519,Detroit Red Wings,Tampa Bay Lightning,7.0,4.0,1.0,0.0,0.0,
519,2022-12-22,2022020520,Colorado Avalanche,Montreal Canadiens,2.0,1.0,1.0,1.0,1.0,
520,2022-12-22,2022020521,Chicago Blackhawks,Nashville Predators,2.0,4.0,0.0,0.0,0.0,
521,2022-12-22,2022020522,Dallas Stars,Edmonton Oilers,3.0,6.0,0.0,1.0,1.0,
522,2022-12-22,2022020523,Vegas Golden Knights,Arizona Coyotes,5.0,2.0,1.0,1.0,1.0,
523,2022-12-22,2022020524,Anaheim Ducks,Minnesota Wild,1.0,4.0,0.0,0.0,0.0,
524,2022-12-22,2022020525,Toronto Maple Leafs,Philadelphia Flyers,4.0,3.0,1.0,1.0,1.0,
525,2022-12-23,2022020526,Pittsburgh Penguins,Carolina Hurricanes,3.0,4.0,0.0,1.0,1.0,
526,2022-12-23,2022020527,New York Rangers,New York Islanders,5.0,3.0,1.0,0.0,1.0,
527,2022-12-23,2022020528,Ottawa Senators,Washington Capitals,2.0,3.0,0.0,0.0,0.0,
528,2022-12-23,2022020529,Boston Bruins,Winnipeg Jets,3.0,2.0,1.0,1.0,1.0,
529,2022-12-23,2022020530,Vancouver Canucks,Seattle Kraken,6.0,5.0,1.0,0.0,0.0,
530,2022-12-23,2022020531,Los Angeles Kings,Calgary Flames,4.0,3.0,1.0,0.0,0.0,
531,2022-12-23,2022020532,San Jose Sharks,Minnesota Wild,5.0,2.0,1.0,0.0,0.0,
532,2022-12-24,2022020533,New Jersey Devils,Boston Bruins,3.0,4.0,0.0,1.0,1.0,
534,2022-12-24,2022020535,Carolina Hurricanes,Philadelphia Flyers,6.0,5.0,1.0,1.0,1.0,
536,2022-12-24,2022020537,Washington Capitals,Winnipeg Jets,4.0,1.0,1.0,1.0,1.0,
537,2022-12-24,2022020538,New York Islanders,Florida Panthers,5.0,1.0,1.0,0.0,0.0,
538,2022-12-24,2022020539,Nashville Predators,Colorado Avalanche,2.0,3.0,0.0,1.0,1.0,
539,2022-12-24,2022020540,Chicago Blackhawks,Columbus Blue Jackets,5.0,2.0,1.0,0.0,0.0,
540,2022-12-24,2022020541,Dallas Stars,Montreal Canadiens,4.0,2.0,1.0,1.0,1.0,
541,2022-12-24,2022020542,Edmonton Oilers,Vancouver Canucks,2.0,5.0,0.0,1.0,1.0,
542,2022-12-24,2022020543,Arizona Coyotes,Los Angeles Kings,2.0,1.0,1.0,0.0,0.0,
543,2022-12-24,2022020545,Vegas Golden Knights,St Louis Blues,5.0,4.0,1.0,1.0,1.0,
544,2022-12-24,2022020544,Anaheim Ducks,Calgary Flames,2.0,3.0,0.0,0.0,0.0,
545,2022-12-28,2022020546,Ottawa Senators,Boston Bruins,3.0,2.0,1.0,0.0,0.0,
546,2022-12-28,2022020548,Carolina Hurricanes,Chicago Blackhawks,3.0,0.0,1.0,1.0,1.0,
547,2022-12-28,2022020549,New York Rangers,Washington Capitals,0.0,4.0,0.0,0.0,0.0,
549,2022-12-28,2022020550,New York Islanders,Pittsburgh Penguins,5.0,1.0,1.0,1.0,1.0,
550,2022-12-28,2022020551,Nashville Predators,Dallas Stars,2.0,3.0,0.0,0.0,0.0,
551,2022-12-28,2022020552,Winnipeg Jets,Minnesota Wild,1.0,4.0,0.0,1.0,1.0,
552,2022-12-28,2022020553,St Louis Blues,Toronto Maple Leafs,4.0,5.0,0.0,0.0,0.0,
553,2022-12-28,2022020554,Arizona Coyotes,Colorado Avalanche,6.0,3.0,1.0,0.0,0.0,
554,2022-12-28,2022020555,Calgary Flames,Edmonton Oilers,1.0,2.0,0.0,1.0,1.0,
555,2022-12-28,2022020556,Vancouver Canucks,San Jose Sharks,6.0,2.0,1.0,0.0,0.0,
556,2022-12-28,2022020557,Los Angeles Kings,Vegas Golden Knights,4.0,2.0,1.0,0.0,0.0,
557,2022-12-29,2022020558,New Jersey Devils,Boston Bruins,1.0,3.0,0.0,1.0,1.0,
558,2022-12-29,2022020559,Tampa Bay Lightning,Montreal Canadiens,4.0,1.0,1.0,1.0,1.0,
559,2022-12-29,2022020560,Pittsburgh Penguins,Detroit Red Wings,4.0,5.0,0.0,1.0,1.0,
560,2022-12-29,2022020561,Seattle Kraken,Calgary Flames,2.0,3.0,0.0,1.0,1.0,
561,2022-12-29,2022020562,Anaheim Ducks,Vegas Golden Knights,3.0,2.0,1.0,0.0,0.0,
562,2022-12-30,2022020563,Buffalo Sabres,Detroit Red Wings,6.0,3.0,1.0,1.0,1.0,
563,2022-12-30,2022020564,Florida Panthers,Montreal Canadiens,7.0,2.0,1.0,1.0,1.0,
564,2022-12-30,2022020565,Tampa Bay Lightning,New York Rangers,2.0,1.0,1.0,1.0,1.0,
565,2022-12-30,2022020566,Washington Capitals,Ottawa Senators,3.0,4.0,0.0,1.0,1.0,
566,2022-12-30,2022020567,New York Islanders,Columbus Blue Jackets,2.0,1.0,1.0,1.0,1.0,
567,2022-12-30,2022020568,St Louis Blues,Chicago Blackhawks,3.0,1.0,1.0,1.0,1.0,
568,2022-12-30,2022020569,Minnesota Wild,Dallas Stars,1.0,4.0,0.0,0.0,0.0,
569,2022-12-30,2022020570,Winnipeg Jets,Vancouver Canucks,4.0,2.0,1.0,1.0,1.0,
570,2022-12-30,2022020571,Colorado Avalanche,Los Angeles Kings,4.0,5.0,0.0,1.0,1.0,
571,2022-12-30,2022020572,Arizona Coyotes,Toronto Maple Leafs,6.0,3.0,1.0,0.0,0.0,
572,2022-12-30,2022020573,San Jose Sharks,Philadelphia Flyers,3.0,4.0,0.0,1.0,1.0,
573,2022-12-30,2022020574,Anaheim Ducks,Nashville Predators,,,,0.0,0.0,0.0
574,2022-12-31,2022020576,Pittsburgh Penguins,New Jersey Devils,,,,0.0,0.0,0.0
575,2022-12-31,2022020575,Carolina Hurricanes,Florida Panthers,,,,1.0,1.0,1.0
576,2022-12-31,2022020577,Seattle Kraken,Edmonton Oilers,,,,1.0,1.0,1.0
577,2022-12-31,2022020578,Boston Bruins,Buffalo Sabres,,,,1.0,1.0,1.0
578,2022-12-31,2022020579,Vegas Golden Knights,Nashville Predators,,,,1.0,1.0,1.0
579,2022-12-31,2022020581,Los Angeles Kings,Philadelphia Flyers,,,,1.0,1.0,1.0
580,2022-12-31,2022020580,Washington Capitals,Montreal Canadiens,,,,1.0,1.0,1.0
581,2022-12-31,2022020582,Tampa Bay Lightning,Arizona Coyotes,,,,1.0,1.0,1.0
582,2022-12-31,2022020589,St Louis Blues,Minnesota Wild,,,,0.0,0.0,1.0
583,2023-01-01,2022020585,Colorado Avalanche,Toronto Maple Leafs,,,,,,
584,2023-01-01,2022020583,Columbus Blue Jackets,Chicago Blackhawks,,,,,,
585,2023-01-01,2022020584,Detroit Red Wings,Ottawa Senators,,,,,,
586,2023-01-01,2022020586,Dallas Stars,San Jose Sharks,,,,,,
587,2023-01-01,2022020587,Calgary Flames,Vancouver Canucks,,,,,,
588,2023-01-01,2022020588,Edmonton Oilers,Winnipeg Jets,,,,,,
589,2023-01-01,2022020590,New Jersey Devils,Carolina Hurricanes,,,,,,
590,2023-01-01,2022020591,Florida Panthers,New York Rangers,,,,,,
591,2023-01-02,2022020593,Chicago Blackhawks,San Jose Sharks,,,,,,
592,2023-01-02,2022020592,Ottawa Senators,Buffalo Sabres,,,,,,
593,2023-01-02,2022020594,Seattle Kraken,New York Islanders,,,,,,
594,2023-01-02,2022020595,Boston Bruins,Pittsburgh Penguins,,,,,,
595,2023-01-03,2022020596,Colorado Avalanche,Vegas Golden Knights,,,,,,
596,2023-01-03,2022020597,Anaheim Ducks,Philadelphia Flyers,,,,,,
597,2023-01-04,2022020598,Florida Panthers,Arizona Coyotes,,,,,,
598,2023-01-04,2022020599,Washington Capitals,Buffalo Sabres,,,,,,
599,2023-01-04,2022020600,New York Rangers,Carolina Hurricanes,,,,,,
600,2023-01-04,2022020601,Ottawa Senators,Columbus Blue Jackets,,,,,,
601,2023-01-04,2022020602,Toronto Maple Leafs,St Louis Blues,,,,,,
602,2023-01-04,2022020603,Winnipeg Jets,Calgary Flames,,,,,,
603,2023-01-04,2022020604,Nashville Predators,Montreal Canadiens,,,,,,
604,2023-01-04,2022020605,Chicago Blackhawks,Tampa Bay Lightning,,,,,,
605,2023-01-04,2022020606,Edmonton Oilers,Seattle Kraken,,,,,,
606,2023-01-04,2022020607,Vancouver Canucks,New York Islanders,,,,,,
607,2023-01-04,2022020608,Los Angeles Kings,Dallas Stars,,,,,,
608,2023-01-05,2022020609,Detroit Red Wings,New Jersey Devils,,,,,,
609,2023-01-05,2022020610,Minnesota Wild,Tampa Bay Lightning,,,,,,
610,2023-01-05,2022020611,Anaheim Ducks,Dallas Stars,,,,,,
611,2023-01-06,2022020612,Philadelphia Flyers,Arizona Coyotes,,,,,,
612,2023-01-06,2022020613,Montreal Canadiens,New York Rangers,,,,,,
613,2023-01-06,2022020614,Carolina Hurricanes,Nashville Predators,,,,,,
614,2023-01-06,2022020615,Toronto Maple Leafs,Seattle Kraken,,,,,,
615,2023-01-06,2022020616,New Jersey Devils,St Louis Blues,,,,,,
616,2023-01-06,2022020617,Columbus Blue Jackets,Washington Capitals,,,,,,
617,2023-01-06,2022020618,Edmonton Oilers,New York Islanders,,,,,,
618,2023-01-06,2022020619,Vancouver Canucks,Colorado Avalanche,,,,,,
619,2023-01-06,2022020620,Vegas Golden Knights,Pittsburgh Penguins,,,,,,
620,2023-01-06,2022020621,Los Angeles Kings,Boston Bruins,,,,,,
621,2023-01-07,2022020622,Washington Capitals,Nashville Predators,,,,,,
622,2023-01-07,2022020623,Detroit Red Wings,Florida Panthers,,,,,,
623,2023-01-07,2022020624,Winnipeg Jets,Tampa Bay Lightning,,,,,,
624,2023-01-07,2022020625,Chicago Blackhawks,Arizona Coyotes,,,,,,
625,2023-01-07,2022020626,Calgary Flames,New York Islanders,,,,,,
626,2023-01-07,2022020627,Anaheim Ducks,San Jose Sharks,,,,,,
627,2023-01-07,2022020628,New Jersey Devils,New York Rangers,,,,,,
628,2023-01-07,2022020629,Columbus Blue Jackets,Carolina Hurricanes,,,,,,
629,2023-01-08,2022020630,Toronto Maple Leafs,Detroit Red Wings,,,,,,
630,2023-01-08,2022020631,Buffalo Sabres,Minnesota Wild,,,,,,
631,2023-01-08,2022020632,Ottawa Senators,Seattle Kraken,,,,,,
632,2023-01-08,2022020633,Montreal Canadiens,St Louis Blues,,,,,,
633,2023-01-08,2022020635,Vegas Golden Knights,Los Angeles Kings,,,,,,
634,2023-01-08,2022020634,Edmonton Oilers,Colorado Avalanche,,,,,,
635,2023-01-08,2022020636,San Jose Sharks,Boston Bruins,,,,,,
636,2023-01-08,2022020638,Winnipeg Jets,Vancouver Canucks,,,,,,
637,2023-01-08,2022020637,Dallas Stars,Florida Panthers,,,,,,
638,2023-01-08,2022020639,Washington Capitals,Columbus Blue Jackets,,,,,,
639,2023-01-09,2022020641,Arizona Coyotes,Pittsburgh Penguins,,,,,,
640,2023-01-09,2022020640,Chicago Blackhawks,Calgary Flames,,,,,,
641,2023-01-09,2022020642,Minnesota Wild,St Louis Blues,,,,,,
642,2023-01-09,2022020643,Philadelphia Flyers,Toronto Maple Leafs,,,,,,
643,2023-01-09,2022020644,Anaheim Ducks,Boston Bruins,,,,,,
644,2023-01-10,2022020645,Ottawa Senators,Nashville Predators,,,,,,
645,2023-01-10,2022020646,Montreal Canadiens,Seattle Kraken,,,,,,
646,2023-01-10,2022020647,Los Angeles Kings,Edmonton Oilers,,,,,,
647,2023-01-11,2022020648,Tampa Bay Lightning,Columbus Blue Jackets,,,,,,
648,2023-01-11,2022020649,New York Rangers,Minnesota Wild,,,,,,
649,2023-01-11,2022020650,Carolina Hurricanes,New Jersey Devils,,,,,,
650,2023-01-11,2022020651,Buffalo Sabres,Seattle Kraken,,,,,,
651,2023-01-11,2022020652,Pittsburgh Penguins,Vancouver Canucks,,,,,,
652,2023-01-11,2022020654,Detroit Red Wings,Winnipeg Jets,,,,,,
653,2023-01-11,2022020653,New York Islanders,Dallas Stars,,,,,,
654,2023-01-11,2022020655,St Louis Blues,Calgary Flames,,,,,,
655,2023-01-11,2022020656,Colorado Avalanche,Florida Panthers,,,,,,
656,2023-01-11,2022020657,Arizona Coyotes,San Jose Sharks,,,,,,
657,2023-01-12,2022020659,Philadelphia Flyers,Washington Capitals,,,,,,
658,2023-01-12,2022020658,Toronto Maple Leafs,Nashville Predators,,,,,,
659,2023-01-12,2022020660,Anaheim Ducks,Edmonton Oilers,,,,,,
660,2023-01-12,2022020661,Los Angeles Kings,San Jose Sharks,,,,,,
661,2023-01-13,2022020662,Columbus Blue Jackets,Carolina Hurricanes,,,,,,
662,2023-01-13,2022020663,New York Rangers,Dallas Stars,,,,,,
663,2023-01-13,2022020664,Montreal Canadiens,Nashville Predators,,,,,,
664,2023-01-13,2022020665,Boston Bruins,Seattle Kraken,,,,,,
665,2023-01-13,2022020666,Detroit Red Wings,Toronto Maple Leafs,,,,,,
666,2023-01-13,2022020667,Tampa Bay Lightning,Vancouver Canucks,,,,,,
667,2023-01-13,2022020668,Buffalo Sabres,Winnipeg Jets,,,,,,
668,2023-01-13,2022020669,New York Islanders,Minnesota Wild,,,,,,
669,2023-01-13,2022020670,St Louis Blues,Calgary Flames,,,,,,
670,2023-01-13,2022020671,Chicago Blackhawks,Colorado Avalanche,,,,,,
671,2023-01-13,2022020672,Arizona Coyotes,Ottawa Senators,,,,,,
672,2023-01-13,2022020673,Vegas Golden Knights,Florida Panthers,,,,,,
673,2023-01-14,2022020674,Pittsburgh Penguins,Winnipeg Jets,,,,,,
674,2023-01-14,2022020675,Anaheim Ducks,New Jersey Devils,,,,,,
675,2023-01-14,2022020676,San Jose Sharks,Edmonton Oilers,,,,,,
676,2023-01-14,2022020677,Dallas Stars,Calgary Flames,,,,,,
677,2023-01-15,2022020680,Colorado Avalanche,Ottawa Senators,,,,,,
678,2023-01-15,2022020678,Detroit Red Wings,Columbus Blue Jackets,,,,,,
679,2023-01-15,2022020679,New York Islanders,Montreal Canadiens,,,,,,
680,2023-01-15,2022020681,Washington Capitals,Philadelphia Flyers,,,,,,
681,2023-01-15,2022020682,Carolina Hurricanes,Pittsburgh Penguins,,,,,,
682,2023-01-15,2022020683,Boston Bruins,Toronto Maple Leafs,,,,,,
683,2023-01-15,2022020684,Florida Panthers,Vancouver Canucks,,,,,,
684,2023-01-15,2022020685,Minnesota Wild,Arizona Coyotes,,,,,,
685,2023-01-15,2022020686,Nashville Predators,Buffalo Sabres,,,,,,
686,2023-01-15,2022020687,Chicago Blackhawks,Seattle Kraken,,,,,,
687,2023-01-15,2022020688,St Louis Blues,Tampa Bay Lightning,,,,,,
688,2023-01-15,2022020689,Vegas Golden Knights,Edmonton Oilers,,,,,,
689,2023-01-15,2022020690,Los Angeles Kings,New Jersey Devils,,,,,,
690,2023-01-15,2022020691,New York Rangers,Montreal Canadiens,,,,,,
691,2023-01-15,2022020692,Carolina Hurricanes,Vancouver Canucks,,,,,,
692,2023-01-16,2022020693,Winnipeg Jets,Arizona Coyotes,,,,,,
693,2023-01-16,2022020694,Buffalo Sabres,Florida Panthers,,,,,,
694,2023-01-16,2022020695,Boston Bruins,Philadelphia Flyers,,,,,,
695,2023-01-16,2022020696,Colorado Avalanche,Detroit Red Wings,,,,,,
696,2023-01-16,2022020697,San Jose Sharks,New Jersey Devils,,,,,,
697,2023-01-16,2022020698,Seattle Kraken,Tampa Bay Lightning,,,,,,
698,2023-01-16,2022020699,Vegas Golden Knights,Dallas Stars,,,,,,
699,2023-01-17,2022020700,Pittsburgh Penguins,Anaheim Ducks,,,,,,
700,2023-01-17,2022020701,Columbus Blue Jackets,New York Rangers,,,,,,
701,2023-01-17,2022020702,New York Islanders,Washington Capitals,,,,,,
702,2023-01-17,2022020703,Nashville Predators,Calgary Flames,,,,,,
703,2023-01-17,2022020704,St Louis Blues,Ottawa Senators,,,,,,
704,2023-01-18,2022020705,Philadelphia Flyers,Anaheim Ducks,,,,,,
705,2023-01-18,2022020706,Toronto Maple Leafs,Florida Panthers,,,,,,
706,2023-01-18,2022020707,Washington Capitals,Minnesota Wild,,,,,,
707,2023-01-18,2022020708,Montreal Canadiens,Winnipeg Jets,,,,,,
708,2023-01-18,2022020709,Chicago Blackhawks,Buffalo Sabres,,,,,,
709,2023-01-18,2022020710,Arizona Coyotes,Detroit Red Wings,,,,,,
710,2023-01-18,2022020711,Edmonton Oilers,Seattle Kraken,,,,,,
711,2023-01-19,2022020712,Ottawa Senators,Pittsburgh Penguins,,,,,,
712,2023-01-19,2022020713,New York Islanders,Boston Bruins,,,,,,
713,2023-01-19,2022020714,Calgary Flames,Colorado Avalanche,,,,,,
714,2023-01-19,2022020715,Vancouver Canucks,Tampa Bay Lightning,,,,,,
715,2023-01-19,2022020716,San Jose Sharks,Dallas Stars,,,,,,
716,2023-01-20,2022020717,Columbus Blue Jackets,Anaheim Ducks,,,,,,
717,2023-01-20,2022020718,New York Rangers,Boston Bruins,,,,,,
718,2023-01-20,2022020719,Philadelphia Flyers,Chicago Blackhawks,,,,,,
719,2023-01-20,2022020720,Montreal Canadiens,Florida Panthers,,,,,,
720,2023-01-20,2022020721,Carolina Hurricanes,Minnesota Wild,,,,,,
721,2023-01-20,2022020722,Buffalo Sabres,New York Islanders,,,,,,
722,2023-01-20,2022020723,Toronto Maple Leafs,Winnipeg Jets,,,,,,
723,2023-01-20,2022020725,Edmonton Oilers,Tampa Bay Lightning,,,,,,
724,2023-01-20,2022020726,Arizona Coyotes,Washington Capitals,,,,,,
725,2023-01-20,2022020724,St Louis Blues,Nashville Predators,,,,,,
726,2023-01-20,2022020727,Vegas Golden Knights,Detroit Red Wings,,,,,,
727,2023-01-20,2022020728,Seattle Kraken,New Jersey Devils,,,,,,
728,2023-01-20,2022020729,Los Angeles Kings,Dallas Stars,,,,,,
729,2023-01-21,2022020730,Pittsburgh Penguins,Ottawa Senators,,,,,,
730,2023-01-21,2022020731,Vancouver Canucks,Colorado Avalanche,,,,,,
731,2023-01-21,2022020732,Buffalo Sabres,Anaheim Ducks,,,,,,
732,2023-01-21,2022020733,Calgary Flames,Tampa Bay Lightning,,,,,,
733,2023-01-21,2022020734,Florida Panthers,Minnesota Wild,,,,,,
734,2023-01-22,2022020735,Detroit Red Wings,Philadelphia Flyers,,,,,,
735,2023-01-22,2022020736,Columbus Blue Jackets,San Jose Sharks,,,,,,
736,2023-01-22,2022020737,Montreal Canadiens,Toronto Maple Leafs,,,,,,
737,2023-01-22,2022020738,Ottawa Senators,Winnipeg Jets,,,,,,
738,2023-01-22,2022020739,New York Islanders,Carolina Hurricanes,,,,,,
739,2023-01-22,2022020740,Dallas Stars,Arizona Coyotes,,,,,,
740,2023-01-22,2022020741,St Louis Blues,Chicago Blackhawks,,,,,,
741,2023-01-22,2022020742,Nashville Predators,Los Angeles Kings,,,,,,
742,2023-01-22,2022020743,Seattle Kraken,Colorado Avalanche,,,,,,
743,2023-01-22,2022020744,Vancouver Canucks,Edmonton Oilers,,,,,,
744,2023-01-22,2022020745,Vegas Golden Knights,Washington Capitals,,,,,,
745,2023-01-22,2022020746,New Jersey Devils,Pittsburgh Penguins,,,,,,
746,2023-01-23,2022020747,Chicago Blackhawks,Los Angeles Kings,,,,,,
747,2023-01-23,2022020748,Boston Bruins,San Jose Sharks,,,,,,
748,2023-01-23,2022020749,Philadelphia Flyers,Winnipeg Jets,,,,,,
749,2023-01-23,2022020750,Arizona Coyotes,Vegas Golden Knights,,,,,,
750,2023-01-24,2022020751,New York Rangers,Florida Panthers,,,,,,
751,2023-01-24,2022020752,Toronto Maple Leafs,New York Islanders,,,,,,
752,2023-01-24,2022020753,Dallas Stars,Buffalo Sabres,,,,,,
753,2023-01-24,2022020754,Calgary Flames,Columbus Blue Jackets,,,,,,
754,2023-01-25,2022020755,Montreal Canadiens,Boston Bruins,,,,,,
755,2023-01-25,2022020756,Pittsburgh Penguins,Florida Panthers,,,,,,
756,2023-01-25,2022020757,Philadelphia Flyers,Los Angeles Kings,,,,,,
757,2023-01-25,2022020758,Tampa Bay Lightning,Minnesota Wild,,,,,,
758,2023-01-25,2022020759,New Jersey Devils,Vegas Golden Knights,,,,,,
759,2023-01-25,2022020760,Detroit Red Wings,San Jose Sharks,,,,,,
760,2023-01-25,2022020761,St Louis Blues,Buffalo Sabres,,,,,,
761,2023-01-25,2022020762,Nashville Predators,Winnipeg Jets,,,,,,
762,2023-01-25,2022020763,Arizona Coyotes,Anaheim Ducks,,,,,,
763,2023-01-25,2022020764,Colorado Avalanche,Washington Capitals,,,,,,
764,2023-01-25,2022020765,Vancouver Canucks,Chicago Blackhawks,,,,,,
765,2023-01-26,2022020766,Ottawa Senators,New York Islanders,,,,,,
766,2023-01-26,2022020767,Toronto Maple Leafs,New York Rangers,,,,,,
767,2023-01-26,2022020768,Dallas Stars,Carolina Hurricanes,,,,,,
768,2023-01-26,2022020769,Edmonton Oilers,Columbus Blue Jackets,,,,,,
769,2023-01-26,2022020770,Seattle Kraken,Vancouver Canucks,,,,,,
770,2023-01-27,2022020771,Tampa Bay Lightning,Boston Bruins,,,,,,
771,2023-01-27,2022020772,Montreal Canadiens,Detroit Red Wings,,,,,,
772,2023-01-27,2022020773,Washington Capitals,Pittsburgh Penguins,,,,,,
773,2023-01-27,2022020774,Winnipeg Jets,Buffalo Sabres,,,,,,
774,2023-01-27,2022020775,Nashville Predators,New Jersey Devils,,,,,,
775,2023-01-27,2022020778,Minnesota Wild,Philadelphia Flyers,,,,,,
776,2023-01-27,2022020776,Colorado Avalanche,Anaheim Ducks,,,,,,
777,2023-01-27,2022020777,Calgary Flames,Chicago Blackhawks,,,,,,
778,2023-01-27,2022020779,Arizona Coyotes,St Louis Blues,,,,,,
779,2023-01-28,2022020780,New York Islanders,Detroit Red Wings,,,,,,
780,2023-01-28,2022020781,Florida Panthers,Los Angeles Kings,,,,,,
781,2023-01-28,2022020782,Toronto Maple Leafs,Ottawa Senators,,,,,,
782,2023-01-28,2022020783,Carolina Hurricanes,San Jose Sharks,,,,,,
783,2023-01-28,2022020784,New York Rangers,Vegas Golden Knights,,,,,,
784,2023-01-28,2022020785,Dallas Stars,New Jersey Devils,,,,,,
785,2023-01-28,2022020786,Seattle Kraken,Calgary Flames,,,,,,
786,2023-01-28,2022020787,Vancouver Canucks,Columbus Blue Jackets,,,,,,
787,2023-01-28,2022020788,Colorado Avalanche,St Louis Blues,,,,,,
788,2023-01-28,2022020789,Florida Panthers,Boston Bruins,,,,,,
789,2023-01-29,2022020792,Winnipeg Jets,Philadelphia Flyers,,,,,,
790,2023-01-29,2022020790,Tampa Bay Lightning,Los Angeles Kings,,,,,,
791,2023-01-29,2022020791,Ottawa Senators,Montreal Canadiens,,,,,,
792,2023-01-29,2022020793,Pittsburgh Penguins,San Jose Sharks,,,,,,
793,2023-01-29,2022020794,New York Islanders,Vegas Golden Knights,,,,,,
794,2023-01-29,2022020795,Minnesota Wild,Buffalo Sabres,,,,,,
795,2023-01-29,2022020798,Seattle Kraken,Columbus Blue Jackets,,,,,,
796,2023-01-29,2022020797,Edmonton Oilers,Chicago Blackhawks,,,,,,
797,2023-01-29,2022020796,Anaheim Ducks,Arizona Coyotes,,,,,,
798,2023-01-29,2022020799,Carolina Hurricanes,Boston Bruins,,,,,,
799,2023-01-29,2022020800,Toronto Maple Leafs,Washington Capitals,,,,,,
800,2023-01-31,2022020801,Winnipeg Jets,St Louis Blues,,,,,,
801,2023-02-01,2022020802,Carolina Hurricanes,Los Angeles Kings,,,,,,
802,2023-02-01,2022020803,Montreal Canadiens,Ottawa Senators,,,,,,
803,2023-02-01,2022020804,Columbus Blue Jackets,Washington Capitals,,,,,,
804,2023-02-02,2022020805,Buffalo Sabres,Carolina Hurricanes,,,,,,
805,2023-02-02,2022020806,Toronto Maple Leafs,Boston Bruins,,,,,,
806,2023-02-07,2022020807,Philadelphia Flyers,New York Islanders,,,,,,
807,2023-02-07,2022020808,Florida Panthers,Tampa Bay Lightning,,,,,,
808,2023-02-07,2022020809,New York Rangers,Calgary Flames,,,,,,
809,2023-02-07,2022020810,New Jersey Devils,Vancouver Canucks,,,,,,
810,2023-02-07,2022020811,Dallas Stars,Anaheim Ducks,,,,,,
811,2023-02-07,2022020812,Arizona Coyotes,Minnesota Wild,,,,,,
812,2023-02-08,2022020813,Pittsburgh Penguins,Colorado Avalanche,,,,,,
813,2023-02-08,2022020814,Tampa Bay Lightning,San Jose Sharks,,,,,,
814,2023-02-08,2022020815,Detroit Red Wings,Edmonton Oilers,,,,,,
815,2023-02-08,2022020816,New York Islanders,Seattle Kraken,,,,,,
816,2023-02-08,2022020817,Nashville Predators,Vegas Golden Knights,,,,,,
817,2023-02-08,2022020818,Chicago Blackhawks,Anaheim Ducks,,,,,,
818,2023-02-09,2022020819,New York Rangers,Vancouver Canucks,,,,,,
819,2023-02-09,2022020820,Dallas Stars,Minnesota Wild,,,,,,
820,2023-02-10,2022020821,Tampa Bay Lightning,Colorado Avalanche,,,,,,
821,2023-02-10,2022020822,Philadelphia Flyers,Edmonton Oilers,,,,,,
822,2023-02-10,2022020823,Florida Panthers,San Jose Sharks,,,,,,
823,2023-02-10,2022020824,New Jersey Devils,Seattle Kraken,,,,,,
824,2023-02-10,2022020825,Detroit Red Wings,Calgary Flames,,,,,,
825,2023-02-10,2022020826,New York Islanders,Vancouver Canucks,,,,,,
826,2023-02-10,2022020827,Minnesota Wild,Vegas Golden Knights,,,,,,
827,2023-02-11,2022020828,New York Rangers,Seattle Kraken,,,,,,
828,2023-02-11,2022020829,Columbus Blue Jackets,Toronto Maple Leafs,,,,,,
829,2023-02-11,2022020830,Chicago Blackhawks,Arizona Coyotes,,,,,,
830,2023-02-11,2022020831,Anaheim Ducks,Pittsburgh Penguins,,,,,,
831,2023-02-11,2022020832,Detroit Red Wings,Vancouver Canucks,,,,,,
832,2023-02-11,2022020833,Buffalo Sabres,Calgary Flames,,,,,,
833,2023-02-11,2022020834,Ottawa Senators,Edmonton Oilers,,,,,,
834,2023-02-11,2022020835,Montreal Canadiens,New York Islanders,,,,,,
835,2023-02-11,2022020836,Philadelphia Flyers,Nashville Predators,,,,,,
836,2023-02-11,2022020837,Dallas Stars,Tampa Bay Lightning,,,,,,
837,2023-02-11,2022020838,Boston Bruins,Washington Capitals,,,,,,
838,2023-02-11,2022020839,Florida Panthers,Colorado Avalanche,,,,,,
839,2023-02-12,2022020840,Toronto Maple Leafs,Columbus Blue Jackets,,,,,,
840,2023-02-12,2022020841,Carolina Hurricanes,New York Rangers,,,,,,
841,2023-02-12,2022020842,St Louis Blues,Arizona Coyotes,,,,,,
842,2023-02-12,2022020843,Minnesota Wild,New Jersey Devils,,,,,,
843,2023-02-12,2022020844,Winnipeg Jets,Chicago Blackhawks,,,,,,
844,2023-02-12,2022020845,Los Angeles Kings,Pittsburgh Penguins,,,,,,
845,2023-02-12,2022020846,Montreal Canadiens,Edmonton Oilers,,,,,,
846,2023-02-12,2022020848,Philadelphia Flyers,Seattle Kraken,,,,,,
847,2023-02-12,2022020847,Washington Capitals,San Jose Sharks,,,,,,
848,2023-02-12,2022020849,Vegas Golden Knights,Anaheim Ducks,,,,,,
849,2023-02-14,2022020850,Ottawa Senators,Calgary Flames,,,,,,
850,2023-02-14,2022020851,Nashville Predators,Arizona Coyotes,,,,,,
851,2023-02-14,2022020852,Minnesota Wild,Florida Panthers,,,,,,
852,2023-02-14,2022020853,Vancouver Canucks,Detroit Red Wings,,,,,,
853,2023-02-14,2022020854,Los Angeles Kings,Buffalo Sabres,,,,,,
854,2023-02-15,2022020855,Washington Capitals,Carolina Hurricanes,,,,,,
855,2023-02-15,2022020856,Montreal Canadiens,Chicago Blackhawks,,,,,,
856,2023-02-15,2022020857,Columbus Blue Jackets,New Jersey Devils,,,,,,
857,2023-02-15,2022020858,New York Islanders,Ottawa Senators,,,,,,
858,2023-02-15,2022020859,St Louis Blues,Florida Panthers,,,,,,
859,2023-02-15,2022020860,Winnipeg Jets,Seattle Kraken,,,,,,
860,2023-02-15,2022020861,Dallas Stars,Boston Bruins,,,,,,
861,2023-02-15,2022020862,Colorado Avalanche,Tampa Bay Lightning,,,,,,
862,2023-02-15,2022020863,San Jose Sharks,Pittsburgh Penguins,,,,,,
863,2023-02-16,2022020864,Toronto Maple Leafs,Chicago Blackhawks,,,,,,
864,2023-02-16,2022020865,Arizona Coyotes,Tampa Bay Lightning,,,,,,
865,2023-02-16,2022020867,Edmonton Oilers,Detroit Red Wings,,,,,,
866,2023-02-16,2022020866,Minnesota Wild,Colorado Avalanche,,,,,,
867,2023-02-16,2022020868,Anaheim Ducks,Buffalo Sabres,,,,,,
868,2023-02-16,2022020869,Vancouver Canucks,New York Rangers,,,,,,
869,2023-02-17,2022020870,Washington Capitals,Florida Panthers,,,,,,
870,2023-02-17,2022020871,Carolina Hurricanes,Montreal Canadiens,,,,,,
871,2023-02-17,2022020872,Columbus Blue Jackets,Winnipeg Jets,,,,,,
872,2023-02-17,2022020873,Nashville Predators,Boston Bruins,,,,,,
873,2023-02-17,2022020875,Calgary Flames,Detroit Red Wings,,,,,,
874,2023-02-17,2022020874,St Louis Blues,New Jersey Devils,,,,,,
875,2023-02-17,2022020876,Seattle Kraken,Philadelphia Flyers,,,,,,
876,2023-02-17,2022020877,Vegas Golden Knights,San Jose Sharks,,,,,,
877,2023-02-18,2022020878,Ottawa Senators,Chicago Blackhawks,,,,,,
878,2023-02-18,2022020879,New York Islanders,Pittsburgh Penguins,,,,,,
879,2023-02-18,2022020880,Minnesota Wild,Dallas Stars,,,,,,
880,2023-02-18,2022020882,Anaheim Ducks,Los Angeles Kings,,,,,,
881,2023-02-18,2022020881,Edmonton Oilers,New York Rangers,,,,,,
882,2023-02-18,2022020883,St Louis Blues,Colorado Avalanche,,,,,,
883,2023-02-18,2022020884,Nashville Predators,Florida Panthers,,,,,,
884,2023-02-18,2022020885,Boston Bruins,New York Islanders,,,,,,
885,2023-02-18,2022020886,Pittsburgh Penguins,New Jersey Devils,,,,,,
886,2023-02-18,2022020887,Dallas Stars,Columbus Blue Jackets,,,,,,
887,2023-02-19,2022020888,Toronto Maple Leafs,Montreal Canadiens,,,,,,
888,2023-02-19,2022020889,Carolina Hurricanes,Washington Capitals,,,,,,
889,2023-02-19,2022020891,Vancouver Canucks,Philadelphia Flyers,,,,,,
890,2023-02-19,2022020890,Calgary Flames,New York Rangers,,,,,,
891,2023-02-19,2022020892,Los Angeles Kings,Arizona Coyotes,,,,,,
892,2023-02-19,2022020893,San Jose Sharks,Buffalo Sabres,,,,,,
893,2023-02-19,2022020894,Seattle Kraken,Detroit Red Wings,,,,,,
894,2023-02-19,2022020895,Vegas Golden Knights,Tampa Bay Lightning,,,,,,
895,2023-02-19,2022020896,Minnesota Wild,Nashville Predators,,,,,,
896,2023-02-19,2022020897,Ottawa Senators,St Louis Blues,,,,,,
897,2023-02-19,2022020898,Colorado Avalanche,Edmonton Oilers,,,,,,
898,2023-02-19,2022020899,Chicago Blackhawks,Toronto Maple Leafs,,,,,,
899,2023-02-20,2022020900,New Jersey Devils,Winnipeg Jets,,,,,,
900,2023-02-20,2022020901,Arizona Coyotes,Columbus Blue Jackets,,,,,,
901,2023-02-20,2022020902,Florida Panthers,Anaheim Ducks,,,,,,
902,2023-02-20,2022020903,Boston Bruins,Ottawa Senators,,,,,,
903,2023-02-20,2022020905,San Jose Sharks,Seattle Kraken,,,,,,
904,2023-02-20,2022020904,Calgary Flames,Philadelphia Flyers,,,,,,
905,2023-02-21,2022020906,Pittsburgh Penguins,New York Islanders,,,,,,
906,2023-02-21,2022020907,New York Rangers,Winnipeg Jets,,,,,,
907,2023-02-22,2022020908,Tampa Bay Lightning,Anaheim Ducks,,,,,,
908,2023-02-22,2022020909,Washington Capitals,Detroit Red Wings,,,,,,
909,2023-02-22,2022020910,New Jersey Devils,Montreal Canadiens,,,,,,
910,2023-02-22,2022020911,Carolina Hurricanes,St Louis Blues,,,,,,
911,2023-02-22,2022020912,Buffalo Sabres,Toronto Maple Leafs,,,,,,
912,2023-02-22,2022020913,Minnesota Wild,Los Angeles Kings,,,,,,
913,2023-02-22,2022020914,Nashville Predators,Vancouver Canucks,,,,,,
914,2023-02-22,2022020915,Chicago Blackhawks,Vegas Golden Knights,,,,,,
915,2023-02-22,2022020916,Edmonton Oilers,Philadelphia Flyers,,,,,,
916,2023-02-23,2022020917,New York Islanders,Winnipeg Jets,,,,,,
917,2023-02-23,2022020919,Arizona Coyotes,Calgary Flames,,,,,,
918,2023-02-23,2022020918,Dallas Stars,Chicago Blackhawks,,,,,,
919,2023-02-24,2022020920,Washington Capitals,Anaheim Ducks,,,,,,
920,2023-02-24,2022020921,Tampa Bay Lightning,Buffalo Sabres,,,,,,
921,2023-02-24,2022020922,Pittsburgh Penguins,Edmonton Oilers,,,,,,
922,2023-02-24,2022020923,New Jersey Devils,Los Angeles Kings,,,,,,
923,2023-02-24,2022020924,Columbus Blue Jackets,Minnesota Wild,,,,,,
924,2023-02-24,2022020925,Detroit Red Wings,New York Rangers,,,,,,
925,2023-02-24,2022020926,St Louis Blues,Vancouver Canucks,,,,,,
926,2023-02-24,2022020928,Vegas Golden Knights,Calgary Flames,,,,,,
927,2023-02-24,2022020927,Seattle Kraken,Boston Bruins,,,,,,
928,2023-02-24,2022020929,San Jose Sharks,Nashville Predators,,,,,,
929,2023-02-25,2022020930,Florida Panthers,Buffalo Sabres,,,,,,
930,2023-02-25,2022020931,Toronto Maple Leafs,Minnesota Wild,,,,,,
931,2023-02-25,2022020932,Philadelphia Flyers,Montreal Canadiens,,,,,,
932,2023-02-25,2022020933,Carolina Hurricanes,Ottawa Senators,,,,,,
933,2023-02-25,2022020934,New York Islanders,Los Angeles Kings,,,,,,
934,2023-02-25,2022020935,Winnipeg Jets,Colorado Avalanche,,,,,,
935,2023-02-25,2022020936,Columbus Blue Jackets,Edmonton Oilers,,,,,,
936,2023-02-25,2022020937,Washington Capitals,New York Rangers,,,,,,
937,2023-02-25,2022020943,St Louis Blues,Pittsburgh Penguins,,,,,,
938,2023-02-26,2022020939,Vancouver Canucks,Boston Bruins,,,,,,
939,2023-02-26,2022020938,Carolina Hurricanes,Anaheim Ducks,,,,,,
940,2023-02-26,2022020940,Montreal Canadiens,Ottawa Senators,,,,,,
941,2023-02-26,2022020941,New Jersey Devils,Philadelphia Flyers,,,,,,
942,2023-02-26,2022020942,Detroit Red Wings,Tampa Bay Lightning,,,,,,
943,2023-02-26,2022020945,Vegas Golden Knights,Dallas Stars,,,,,,
944,2023-02-26,2022020944,Colorado Avalanche,Calgary Flames,,,,,,
945,2023-02-26,2022020946,San Jose Sharks,Chicago Blackhawks,,,,,,
946,2023-02-26,2022020947,Buffalo Sabres,Washington Capitals,,,,,,
947,2023-02-26,2022020948,Minnesota Wild,Columbus Blue Jackets,,,,,,
948,2023-02-26,2022020949,Winnipeg Jets,New York Islanders,,,,,,
949,2023-02-26,2022020950,New York Rangers,Los Angeles Kings,,,,,,
950,2023-02-26,2022020951,Pittsburgh Penguins,Tampa Bay Lightning,,,,,,
951,2023-02-27,2022020953,Seattle Kraken,Toronto Maple Leafs,,,,,,
952,2023-02-27,2022020952,Arizona Coyotes,Nashville Predators,,,,,,
953,2023-02-28,2022020954,Edmonton Oilers,Boston Bruins,,,,,,
954,2023-02-28,2022020955,Dallas Stars,Vancouver Canucks,,,,,,
955,2023-02-28,2022020956,Colorado Avalanche,Vegas Golden Knights,,,,,,
956,2023-02-28,2022020957,Anaheim Ducks,Chicago Blackhawks,,,,,,
957,2023-03-01,2022020959,Ottawa Senators,Detroit Red Wings,,,,,,
958,2023-03-01,2022020960,Tampa Bay Lightning,Florida Panthers,,,,,,
959,2023-03-01,2022020958,Buffalo Sabres,Columbus Blue Jackets,,,,,,
960,2023-03-01,2022020961,Winnipeg Jets,Los Angeles Kings,,,,,,
961,2023-03-01,2022020962,Minnesota Wild,New York Islanders,,,,,,
962,2023-03-01,2022020963,Nashville Predators,Pittsburgh Penguins,,,,,,
963,2023-03-01,2022020964,St Louis Blues,Seattle Kraken,,,,,,
964,2023-03-01,2022020965,Calgary Flames,Boston Bruins,,,,,,
965,2023-03-01,2022020966,Arizona Coyotes,Chicago Blackhawks,,,,,,
966,2023-03-01,2022020967,San Jose Sharks,Montreal Canadiens,,,,,,
967,2023-03-02,2022020968,Philadelphia Flyers,New York Rangers,,,,,,
968,2023-03-02,2022020969,Edmonton Oilers,Toronto Maple Leafs,,,,,,
969,2023-03-02,2022020970,Dallas Stars,Arizona Coyotes,,,,,,
970,2023-03-02,2022020971,Colorado Avalanche,New Jersey Devils,,,,,,
971,2023-03-02,2022020972,Vegas Golden Knights,Carolina Hurricanes,,,,,,
972,2023-03-02,2022020973,Anaheim Ducks,Washington Capitals,,,,,,
973,2023-03-03,2022020975,Florida Panthers,Nashville Predators,,,,,,
974,2023-03-03,2022020976,New York Rangers,Ottawa Senators,,,,,,
975,2023-03-03,2022020977,Tampa Bay Lightning,Pittsburgh Penguins,,,,,,
976,2023-03-03,2022020978,Detroit Red Wings,Seattle Kraken,,,,,,
977,2023-03-03,2022020974,Boston Bruins,Buffalo Sabres,,,,,,
978,2023-03-03,2022020979,Chicago Blackhawks,Dallas Stars,,,,,,
979,2023-03-03,2022020980,Calgary Flames,Toronto Maple Leafs,,,,,,
980,2023-03-03,2022020981,Vancouver Canucks,Minnesota Wild,,,,,,
981,2023-03-03,2022020982,Los Angeles Kings,Montreal Canadiens,,,,,,
982,2023-03-03,2022020983,San Jose Sharks,St Louis Blues,,,,,,
983,2023-03-04,2022020984,Columbus Blue Jackets,Seattle Kraken,,,,,,
984,2023-03-04,2022020985,Edmonton Oilers,Winnipeg Jets,,,,,,
985,2023-03-04,2022020986,Arizona Coyotes,Carolina Hurricanes,,,,,,
986,2023-03-04,2022020987,Anaheim Ducks,Montreal Canadiens,,,,,,
987,2023-03-04,2022020988,Vegas Golden Knights,New Jersey Devils,,,,,,
988,2023-03-04,2022020989,New York Islanders,Detroit Red Wings,,,,,,
989,2023-03-04,2022020990,Buffalo Sabres,Philadelphia Flyers,,,,,,
990,2023-03-04,2022020991,Boston Bruins,New York Rangers,,,,,,
991,2023-03-04,2022020997,Dallas Stars,Colorado Avalanche,,,,,,
992,2023-03-04,2022020993,San Jose Sharks,Washington Capitals,,,,,,
993,2023-03-04,2022020992,Florida Panthers,Pittsburgh Penguins,,,,,,
994,2023-03-05,2022020996,Vancouver Canucks,Toronto Maple Leafs,,,,,,
995,2023-03-05,2022020995,Winnipeg Jets,Edmonton Oilers,,,,,,
996,2023-03-05,2022020994,Ottawa Senators,Columbus Blue Jackets,,,,,,
997,2023-03-05,2022020998,Chicago Blackhawks,Nashville Predators,,,,,,
998,2023-03-05,2022020999,Calgary Flames,Minnesota Wild,,,,,,
999,2023-03-05,2022021000,Los Angeles Kings,St Louis Blues,,,,,,
1000,2023-03-05,2022021001,Carolina Hurricanes,Tampa Bay Lightning,,,,,,
1001,2023-03-05,2022021003,Vegas Golden Knights,Montreal Canadiens,,,,,,
1002,2023-03-05,2022021002,Philadelphia Flyers,Detroit Red Wings,,,,,,
1003,2023-03-06,2022021004,Arizona Coyotes,New Jersey Devils,,,,,,
1004,2023-03-06,2022021005,Colorado Avalanche,Seattle Kraken,,,,,,
1005,2023-03-07,2022021007,Winnipeg Jets,San Jose Sharks,,,,,,
1006,2023-03-07,2022021006,Buffalo Sabres,Edmonton Oilers,,,,,,
1007,2023-03-07,2022021008,Dallas Stars,Calgary Flames,,,,,,
1008,2023-03-07,2022021009,Chicago Blackhawks,Ottawa Senators,,,,,,
1009,2023-03-07,2022021010,Vancouver Canucks,Nashville Predators,,,,,,
1010,2023-03-07,2022021011,Los Angeles Kings,Washington Capitals,,,,,,
1011,2023-03-08,2022021012,Montreal Canadiens,Carolina Hurricanes,,,,,,
1012,2023-03-08,2022021013,Pittsburgh Penguins,Columbus Blue Jackets,,,,,,
1013,2023-03-08,2022021014,Tampa Bay Lightning,Philadelphia Flyers,,,,,,
1014,2023-03-08,2022021015,New Jersey Devils,Toronto Maple Leafs,,,,,,
1015,2023-03-08,2022021016,Florida Panthers,Vegas Golden Knights,,,,,,
1016,2023-03-08,2022021017,New York Islanders,Buffalo Sabres,,,,,,
1017,2023-03-08,2022021018,Minnesota Wild,Calgary Flames,,,,,,
1018,2023-03-08,2022021019,Colorado Avalanche,San Jose Sharks,,,,,,
1019,2023-03-08,2022021020,Arizona Coyotes,St Louis Blues,,,,,,
1020,2023-03-08,2022021021,Seattle Kraken,Anaheim Ducks,,,,,,
1021,2023-03-09,2022021023,Winnipeg Jets,Minnesota Wild,,,,,,
1022,2023-03-09,2022021022,Detroit Red Wings,Chicago Blackhawks,,,,,,
1023,2023-03-09,2022021024,Vancouver Canucks,Anaheim Ducks,,,,,,
1024,2023-03-10,2022021025,Buffalo Sabres,Dallas Stars,,,,,,
1025,2023-03-10,2022021027,Pittsburgh Penguins,New York Islanders,,,,,,
1026,2023-03-10,2022021028,Montreal Canadiens,New York Rangers,,,,,,
1027,2023-03-10,2022021029,Washington Capitals,New Jersey Devils,,,,,,
1028,2023-03-10,2022021030,Carolina Hurricanes,Philadelphia Flyers,,,,,,
1029,2023-03-10,2022021031,Tampa Bay Lightning,Vegas Golden Knights,,,,,,
1030,2023-03-10,2022021026,Boston Bruins,Edmonton Oilers,,,,,,
1031,2023-03-10,2022021032,St Louis Blues,San Jose Sharks,,,,,,
1032,2023-03-10,2022021033,Colorado Avalanche,Los Angeles Kings,,,,,,
1033,2023-03-10,2022021034,Arizona Coyotes,Nashville Predators,,,,,,
1034,2023-03-10,2022021035,Seattle Kraken,Ottawa Senators,,,,,,
1035,2023-03-11,2022021036,Florida Panthers,Chicago Blackhawks,,,,,,
1036,2023-03-11,2022021037,Calgary Flames,Anaheim Ducks,,,,,,
1037,2023-03-11,2022021038,Boston Bruins,Detroit Red Wings,,,,,,
1038,2023-03-11,2022021039,Pittsburgh Penguins,Philadelphia Flyers,,,,,,
1039,2023-03-11,2022021040,Buffalo Sabres,New York Rangers,,,,,,
1040,2023-03-11,2022021041,Colorado Avalanche,Arizona Coyotes,,,,,,
1041,2023-03-12,2022021042,Tampa Bay Lightning,Chicago Blackhawks,,,,,,
1042,2023-03-12,2022021043,Toronto Maple Leafs,Edmonton Oilers,,,,,,
1043,2023-03-12,2022021044,Montreal Canadiens,New Jersey Devils,,,,,,
1044,2023-03-12,2022021045,Columbus Blue Jackets,St Louis Blues,,,,,,
1045,2023-03-12,2022021046,Carolina Hurricanes,Vegas Golden Knights,,,,,,
1046,2023-03-12,2022021047,Florida Panthers,Winnipeg Jets,,,,,,
1047,2023-03-12,2022021048,New York Islanders,Washington Capitals,,,,,,
1048,2023-03-12,2022021049,Seattle Kraken,Dallas Stars,,,,,,
1049,2023-03-12,2022021050,Vancouver Canucks,Ottawa Senators,,,,,,
1050,2023-03-12,2022021051,San Jose Sharks,Minnesota Wild,,,,,,
1051,2023-03-12,2022021052,Los Angeles Kings,Nashville Predators,,,,,,
1052,2023-03-12,2022021053,Detroit Red Wings,Boston Bruins,,,,,,
1053,2023-03-12,2022021054,Pittsburgh Penguins,New York Rangers,,,,,,
1054,2023-03-12,2022021056,St Louis Blues,Vegas Golden Knights,,,,,,
1055,2023-03-12,2022021055,New Jersey Devils,Carolina Hurricanes,,,,,,
1056,2023-03-12,2022021057,Tampa Bay Lightning,Winnipeg Jets,,,,,,
1057,2023-03-13,2022021059,Calgary Flames,Ottawa Senators,,,,,,
1058,2023-03-13,2022021058,Arizona Coyotes,Minnesota Wild,,,,,,
1059,2023-03-13,2022021060,Anaheim Ducks,Nashville Predators,,,,,,
1060,2023-03-13,2022021061,Toronto Maple Leafs,Buffalo Sabres,,,,,,
1061,2023-03-13,2022021062,Montreal Canadiens,Colorado Avalanche,,,,,,
1062,2023-03-14,2022021063,Seattle Kraken,Dallas Stars,,,,,,
1063,2023-03-14,2022021064,Pittsburgh Penguins,Montreal Canadiens,,,,,,
1064,2023-03-14,2022021065,New Jersey Devils,Tampa Bay Lightning,,,,,,
1065,2023-03-14,2022021066,Philadelphia Flyers,Vegas Golden Knights,,,,,,
1066,2023-03-14,2022021067,New York Rangers,Washington Capitals,,,,,,
1067,2023-03-14,2022021068,Carolina Hurricanes,Winnipeg Jets,,,,,,
1068,2023-03-15,2022021069,Nashville Predators,Detroit Red Wings,,,,,,
1069,2023-03-15,2022021070,Chicago Blackhawks,Boston Bruins,,,,,,
1070,2023-03-15,2022021071,Edmonton Oilers,Ottawa Senators,,,,,,
1071,2023-03-15,2022021072,Arizona Coyotes,Calgary Flames,,,,,,
1072,2023-03-15,2022021073,Vancouver Canucks,Dallas Stars,,,,,,
1073,2023-03-15,2022021074,San Jose Sharks,Columbus Blue Jackets,,,,,,
1074,2023-03-15,2022021075,Los Angeles Kings,New York Islanders,,,,,,
1075,2023-03-15,2022021076,Washington Capitals,Buffalo Sabres,,,,,,
1076,2023-03-15,2022021077,Toronto Maple Leafs,Colorado Avalanche,,,,,,
1077,2023-03-16,2022021078,St Louis Blues,Minnesota Wild,,,,,,
1078,2023-03-16,2022021079,Anaheim Ducks,New York Islanders,,,,,,
1079,2023-03-16,2022021080,Ottawa Senators,Colorado Avalanche,,,,,,
1080,2023-03-16,2022021081,Florida Panthers,Montreal Canadiens,,,,,,
1081,2023-03-16,2022021082,New York Rangers,Pittsburgh Penguins,,,,,,
1082,2023-03-16,2022021083,New Jersey Devils,Tampa Bay Lightning,,,,,,
1083,2023-03-17,2022021084,Winnipeg Jets,Boston Bruins,,,,,,
1084,2023-03-17,2022021085,Nashville Predators,Chicago Blackhawks,,,,,,
1085,2023-03-17,2022021086,Edmonton Oilers,Dallas Stars,,,,,,
1086,2023-03-17,2022021087,Vegas Golden Knights,Calgary Flames,,,,,,
1087,2023-03-17,2022021088,Arizona Coyotes,Vancouver Canucks,,,,,,
1088,2023-03-17,2022021089,Los Angeles Kings,Columbus Blue Jackets,,,,,,
1089,2023-03-17,2022021090,San Jose Sharks,Seattle Kraken,,,,,,
1090,2023-03-17,2022021091,Philadelphia Flyers,Buffalo Sabres,,,,,,
1091,2023-03-17,2022021092,Toronto Maple Leafs,Carolina Hurricanes,,,,,,
1092,2023-03-17,2022021093,Washington Capitals,St Louis Blues,,,,,,
1093,2023-03-18,2022021094,Anaheim Ducks,Columbus Blue Jackets,,,,,,
1094,2023-03-18,2022021095,Detroit Red Wings,Colorado Avalanche,,,,,,
1095,2023-03-18,2022021096,Minnesota Wild,Boston Bruins,,,,,,
1096,2023-03-18,2022021097,Nashville Predators,Winnipeg Jets,,,,,,
1097,2023-03-18,2022021098,Seattle Kraken,Edmonton Oilers,,,,,,
1098,2023-03-18,2022021099,Philadelphia Flyers,Carolina Hurricanes,,,,,,
1099,2023-03-18,2022021100,Florida Panthers,New Jersey Devils,,,,,,
1100,2023-03-18,2022021101,Tampa Bay Lightning,Montreal Canadiens,,,,,,
1101,2023-03-18,2022021102,Ottawa Senators,Toronto Maple Leafs,,,,,,
1102,2023-03-19,2022021103,New York Rangers,Pittsburgh Penguins,,,,,,
1103,2023-03-19,2022021105,Los Angeles Kings,Vancouver Canucks,,,,,,
1104,2023-03-19,2022021104,Calgary Flames,Dallas Stars,,,,,,
1105,2023-03-19,2022021106,Arizona Coyotes,Chicago Blackhawks,,,,,,
1106,2023-03-19,2022021107,San Jose Sharks,New York Islanders,,,,,,
1107,2023-03-19,2022021108,Buffalo Sabres,Boston Bruins,,,,,,
1108,2023-03-19,2022021109,Minnesota Wild,Washington Capitals,,,,,,
1109,2023-03-19,2022021110,Vegas Golden Knights,Columbus Blue Jackets,,,,,,
1110,2023-03-19,2022021113,St Louis Blues,Winnipeg Jets,,,,,,
1111,2023-03-19,2022021111,New York Rangers,Nashville Predators,,,,,,
1112,2023-03-19,2022021112,Tampa Bay Lightning,New Jersey Devils,,,,,,
1113,2023-03-20,2022021114,Anaheim Ducks,Vancouver Canucks,,,,,,
1114,2023-03-20,2022021115,Pittsburgh Penguins,Ottawa Senators,,,,,,
1115,2023-03-20,2022021116,Detroit Red Wings,Florida Panthers,,,,,,
1116,2023-03-21,2022021117,Colorado Avalanche,Chicago Blackhawks,,,,,,
1117,2023-03-21,2022021118,Edmonton Oilers,San Jose Sharks,,,,,,
1118,2023-03-21,2022021119,Los Angeles Kings,Calgary Flames,,,,,,
1119,2023-03-21,2022021120,New York Rangers,Carolina Hurricanes,,,,,,
1120,2023-03-21,2022021121,Washington Capitals,Columbus Blue Jackets,,,,,,
1121,2023-03-21,2022021122,Philadelphia Flyers,Florida Panthers,,,,,,
1122,2023-03-21,2022021123,New Jersey Devils,Minnesota Wild,,,,,,
1123,2023-03-21,2022021124,Buffalo Sabres,Nashville Predators,,,,,,
1124,2023-03-21,2022021125,Boston Bruins,Ottawa Senators,,,,,,
1125,2023-03-21,2022021126,Montreal Canadiens,Tampa Bay Lightning,,,,,,
1126,2023-03-21,2022021127,New York Islanders,Toronto Maple Leafs,,,,,,
1127,2023-03-22,2022021128,Winnipeg Jets,Arizona Coyotes,,,,,,
1128,2023-03-22,2022021129,St Louis Blues,Detroit Red Wings,,,,,,
1129,2023-03-22,2022021130,Dallas Stars,Seattle Kraken,,,,,,
1130,2023-03-22,2022021131,Anaheim Ducks,Calgary Flames,,,,,,
1131,2023-03-22,2022021132,Vancouver Canucks,Vegas Golden Knights,,,,,,
1132,2023-03-23,2022021133,Colorado Avalanche,Pittsburgh Penguins,,,,,,
1133,2023-03-23,2022021134,Edmonton Oilers,Arizona Coyotes,,,,,,
1134,2023-03-23,2022021136,Philadelphia Flyers,Minnesota Wild,,,,,,
1135,2023-03-23,2022021135,Washington Capitals,Chicago Blackhawks,,,,,,
1136,2023-03-23,2022021137,Boston Bruins,Montreal Canadiens,,,,,,
1137,2023-03-23,2022021138,Carolina Hurricanes,New York Rangers,,,,,,
1138,2023-03-23,2022021139,Ottawa Senators,Tampa Bay Lightning,,,,,,
1139,2023-03-23,2022021140,Florida Panthers,Toronto Maple Leafs,,,,,,
1140,2023-03-23,2022021141,Detroit Red Wings,St Louis Blues,,,,,,
1141,2023-03-24,2022021142,Nashville Predators,Seattle Kraken,,,,,,
1142,2023-03-24,2022021144,Calgary Flames,Vegas Golden Knights,,,,,,
1143,2023-03-24,2022021143,Dallas Stars,Pittsburgh Penguins,,,,,,
1144,2023-03-24,2022021145,Vancouver Canucks,San Jose Sharks,,,,,,
1145,2023-03-24,2022021146,Anaheim Ducks,Winnipeg Jets,,,,,,
1146,2023-03-24,2022021147,Columbus Blue Jackets,New York Islanders,,,,,,
1147,2023-03-24,2022021148,Buffalo Sabres,New Jersey Devils,,,,,,
1148,2023-03-25,2022021149,Colorado Avalanche,Arizona Coyotes,,,,,,
1149,2023-03-25,2022021150,Philadelphia Flyers,Detroit Red Wings,,,,,,
1150,2023-03-25,2022021151,Boston Bruins,Tampa Bay Lightning,,,,,,
1151,2023-03-25,2022021152,Nashville Predators,Seattle Kraken,,,,,,
1152,2023-03-25,2022021154,Los Angeles Kings,Winnipeg Jets,,,,,,
1153,2023-03-25,2022021153,Calgary Flames,San Jose Sharks,,,,,,
1154,2023-03-25,2022021155,Minnesota Wild,Chicago Blackhawks,,,,,,
1155,2023-03-25,2022021156,Florida Panthers,New York Rangers,,,,,,
1156,2023-03-25,2022021157,New York Islanders,Buffalo Sabres,,,,,,
1157,2023-03-25,2022021161,Dallas Stars,Vancouver Canucks,,,,,,
1158,2023-03-25,2022021158,Montreal Canadiens,Columbus Blue Jackets,,,,,,
1159,2023-03-25,2022021159,New Jersey Devils,Ottawa Senators,,,,,,
1160,2023-03-25,2022021160,Carolina Hurricanes,Toronto Maple Leafs,,,,,,
1161,2023-03-26,2022021162,Pittsburgh Penguins,Washington Capitals,,,,,,
1162,2023-03-26,2022021163,Edmonton Oilers,Vegas Golden Knights,,,,,,
1163,2023-03-26,2022021164,Anaheim Ducks,St Louis Blues,,,,,,
1164,2023-03-26,2022021165,Arizona Coyotes,Colorado Avalanche,,,,,,
1165,2023-03-26,2022021166,Carolina Hurricanes,Boston Bruins,,,,,,
1166,2023-03-26,2022021167,Nashville Predators,Toronto Maple Leafs,,,,,,
1167,2023-03-26,2022021168,Chicago Blackhawks,Vancouver Canucks,,,,,,
1168,2023-03-27,2022021169,Los Angeles Kings,St Louis Blues,,,,,,
1169,2023-03-27,2022021170,Ottawa Senators,Florida Panthers,,,,,,
1170,2023-03-27,2022021171,Buffalo Sabres,Montreal Canadiens,,,,,,
1171,2023-03-27,2022021172,New York Islanders,New Jersey Devils,,,,,,
1172,2023-03-28,2022021173,Minnesota Wild,Seattle Kraken,,,,,,
1173,2023-03-28,2022021174,Anaheim Ducks,Colorado Avalanche,,,,,,
1174,2023-03-28,2022021175,Arizona Coyotes,Edmonton Oilers,,,,,,
1175,2023-03-28,2022021176,New York Rangers,Columbus Blue Jackets,,,,,,
1176,2023-03-28,2022021177,Philadelphia Flyers,Montreal Canadiens,,,,,,
1177,2023-03-28,2022021178,Boston Bruins,Nashville Predators,,,,,,
1178,2023-03-28,2022021179,Carolina Hurricanes,Tampa Bay Lightning,,,,,,
1179,2023-03-28,2022021180,Detroit Red Wings,Pittsburgh Penguins,,,,,,
1180,2023-03-29,2022021181,St Louis Blues,Vancouver Canucks,,,,,,
1181,2023-03-29,2022021182,Chicago Blackhawks,Dallas Stars,,,,,,
1182,2023-03-29,2022021183,Calgary Flames,Los Angeles Kings,,,,,,
1183,2023-03-29,2022021184,Vegas Golden Knights,Edmonton Oilers,,,,,,
1184,2023-03-29,2022021185,San Jose Sharks,Winnipeg Jets,,,,,,
1185,2023-03-29,2022021186,Toronto Maple Leafs,Florida Panthers,,,,,,
1186,2023-03-29,2022021187,Washington Capitals,New York Islanders,,,,,,
1187,2023-03-30,2022021188,Colorado Avalanche,Minnesota Wild,,,,,,
1188,2023-03-30,2022021189,Boston Bruins,Columbus Blue Jackets,,,,,,
1189,2023-03-30,2022021190,Montreal Canadiens,Florida Panthers,,,,,,
1190,2023-03-30,2022021191,New Jersey Devils,New York Rangers,,,,,,
1191,2023-03-30,2022021192,Pittsburgh Penguins,Nashville Predators,,,,,,
1192,2023-03-30,2022021193,Ottawa Senators,Philadelphia Flyers,,,,,,
1193,2023-03-30,2022021194,Tampa Bay Lightning,Washington Capitals,,,,,,
1194,2023-03-30,2022021195,Detroit Red Wings,Carolina Hurricanes,,,,,,
1195,2023-03-31,2022021196,Chicago Blackhawks,St Louis Blues,,,,,,
1196,2023-03-31,2022021197,Edmonton Oilers,Los Angeles Kings,,,,,,
1197,2023-03-31,2022021198,Seattle Kraken,Anaheim Ducks,,,,,,
1198,2023-03-31,2022021199,San Jose Sharks,Vegas Golden Knights,,,,,,
1199,2023-03-31,2022021200,Buffalo Sabres,New York Rangers,,,,,,
1200,2023-04-01,2022021201,Winnipeg Jets,Detroit Red Wings,,,,,,
1201,2023-04-01,2022021202,Vancouver Canucks,Calgary Flames,,,,,,
1202,2023-04-01,2022021203,Arizona Coyotes,Dallas Stars,,,,,,
1203,2023-04-01,2022021204,Nashville Predators,St Louis Blues,,,,,,
1204,2023-04-01,2022021205,Pittsburgh Penguins,Boston Bruins,,,,,,
1205,2023-04-01,2022021206,Philadelphia Flyers,Buffalo Sabres,,,,,,
1206,2023-04-01,2022021207,Montreal Canadiens,Carolina Hurricanes,,,,,,
1207,2023-04-01,2022021208,Columbus Blue Jackets,Florida Panthers,,,,,,
1208,2023-04-01,2022021209,Tampa Bay Lightning,New York Islanders,,,,,,
1209,2023-04-01,2022021210,Ottawa Senators,Toronto Maple Leafs,,,,,,
1210,2023-04-02,2022021211,Chicago Blackhawks,New Jersey Devils,,,,,,
1211,2023-04-02,2022021212,Colorado Avalanche,Dallas Stars,,,,,,
1212,2023-04-02,2022021214,Seattle Kraken,Los Angeles Kings,,,,,,
1213,2023-04-02,2022021215,Vegas Golden Knights,Minnesota Wild,,,,,,
1214,2023-04-02,2022021216,Arizona Coyotes,San Jose Sharks,,,,,,
1215,2023-04-02,2022021213,Edmonton Oilers,Anaheim Ducks,,,,,,
1216,2023-04-02,2022021217,Washington Capitals,New York Rangers,,,,,,
1217,2023-04-02,2022021218,St Louis Blues,Boston Bruins,,,,,,
1218,2023-04-02,2022021219,Carolina Hurricanes,New York Islanders,,,,,,
1219,2023-04-02,2022021220,Columbus Blue Jackets,Ottawa Senators,,,,,,
1220,2023-04-02,2022021221,Pittsburgh Penguins,Philadelphia Flyers,,,,,,
1221,2023-04-02,2022021223,Winnipeg Jets,New Jersey Devils,,,,,,
1222,2023-04-02,2022021222,Toronto Maple Leafs,Detroit Red Wings,,,,,,
1223,2023-04-03,2022021225,Vancouver Canucks,Los Angeles Kings,,,,,,
1224,2023-04-03,2022021224,Calgary Flames,Anaheim Ducks,,,,,,
1225,2023-04-04,2022021226,Minnesota Wild,Vegas Golden Knights,,,,,,
1226,2023-04-04,2022021227,Dallas Stars,Nashville Predators,,,,,,
1227,2023-04-04,2022021228,Seattle Kraken,Arizona Coyotes,,,,,,
1228,2023-04-04,2022021229,Florida Panthers,Buffalo Sabres,,,,,,
1229,2023-04-04,2022021230,Toronto Maple Leafs,Columbus Blue Jackets,,,,,,
1230,2023-04-04,2022021231,Montreal Canadiens,Detroit Red Wings,,,,,,
1231,2023-04-04,2022021232,Carolina Hurricanes,Ottawa Senators,,,,,,
1232,2023-04-04,2022021233,New Jersey Devils,Pittsburgh Penguins,,,,,,
1233,2023-04-05,2022021234,St Louis Blues,Philadelphia Flyers,,,,,,
1234,2023-04-05,2022021235,Nashville Predators,Vegas Golden Knights,,,,,,
1235,2023-04-05,2022021236,Calgary Flames,Chicago Blackhawks,,,,,,
1236,2023-04-05,2022021238,Vancouver Canucks,Seattle Kraken,,,,,,
1237,2023-04-05,2022021237,Los Angeles Kings,Edmonton Oilers,,,,,,
1238,2023-04-05,2022021239,San Jose Sharks,Colorado Avalanche,,,,,,
1239,2023-04-05,2022021240,Winnipeg Jets,Calgary Flames,,,,,,
1240,2023-04-05,2022021241,New York Rangers,Tampa Bay Lightning,,,,,,
1241,2023-04-06,2022021242,Anaheim Ducks,Edmonton Oilers,,,,,,
1242,2023-04-06,2022021243,New Jersey Devils,Columbus Blue Jackets,,,,,,
1243,2023-04-06,2022021244,Pittsburgh Penguins,Minnesota Wild,,,,,,
1244,2023-04-06,2022021245,Florida Panthers,Ottawa Senators,,,,,,
1245,2023-04-06,2022021246,Boston Bruins,Toronto Maple Leafs,,,,,,
1246,2023-04-06,2022021247,Montreal Canadiens,Washington Capitals,,,,,,
1247,2023-04-06,2022021248,Detroit Red Wings,Buffalo Sabres,,,,,,
1248,2023-04-06,2022021249,New York Islanders,Tampa Bay Lightning,,,,,,
1249,2023-04-07,2022021250,Nashville Predators,Carolina Hurricanes,,,,,,
1250,2023-04-07,2022021251,St Louis Blues,New York Rangers,,,,,,
1251,2023-04-07,2022021252,Dallas Stars,Philadelphia Flyers,,,,,,
1252,2023-04-07,2022021254,Vancouver Canucks,Chicago Blackhawks,,,,,,
1253,2023-04-07,2022021255,Vegas Golden Knights,Los Angeles Kings,,,,,,
1254,2023-04-07,2022021253,Seattle Kraken,Arizona Coyotes,,,,,,
1255,2023-04-07,2022021256,San Jose Sharks,Colorado Avalanche,,,,,,
1256,2023-04-08,2022021257,Buffalo Sabres,Carolina Hurricanes,,,,,,
1257,2023-04-08,2022021258,Minnesota Wild,St Louis Blues,,,,,,
1258,2023-04-08,2022021269,Dallas Stars,Vegas Golden Knights,,,,,,
1259,2023-04-08,2022021259,San Jose Sharks,Edmonton Oilers,,,,,,
1260,2023-04-08,2022021260,Arizona Coyotes,Anaheim Ducks,,,,,,
1261,2023-04-08,2022021264,Winnipeg Jets,Nashville Predators,,,,,,
1262,2023-04-08,2022021261,Washington Capitals,Florida Panthers,,,,,,
1263,2023-04-08,2022021262,Toronto Maple Leafs,Montreal Canadiens,,,,,,
1264,2023-04-08,2022021263,Columbus Blue Jackets,New York Rangers,,,,,,
1265,2023-04-08,2022021265,Boston Bruins,New Jersey Devils,,,,,,
1266,2023-04-08,2022021267,Ottawa Senators,Tampa Bay Lightning,,,,,,
1267,2023-04-08,2022021268,New York Islanders,Philadelphia Flyers,,,,,,
1268,2023-04-09,2022021266,Detroit Red Wings,Pittsburgh Penguins,,,,,,
1269,2023-04-09,2022021270,Vancouver Canucks,Calgary Flames,,,,,,
1270,2023-04-09,2022021271,Seattle Kraken,Chicago Blackhawks,,,,,,
1271,2023-04-09,2022021272,Los Angeles Kings,Colorado Avalanche,,,,,,
1272,2023-04-09,2022021273,Philadelphia Flyers,Boston Bruins,,,,,,
1273,2023-04-10,2022021274,Anaheim Ducks,Colorado Avalanche,,,,,,
1274,2023-04-10,2022021278,Winnipeg Jets,San Jose Sharks,,,,,,
1275,2023-04-10,2022021275,New York Rangers,Buffalo Sabres,,,,,,
1276,2023-04-10,2022021276,Ottawa Senators,Carolina Hurricanes,,,,,,
1277,2023-04-10,2022021277,Washington Capitals,New York Islanders,,,,,,
1278,2023-04-10,2022021279,Florida Panthers,Toronto Maple Leafs,,,,,,
1279,2023-04-10,2022021280,Detroit Red Wings,Dallas Stars,,,,,,
1280,2023-04-11,2022021281,Chicago Blackhawks,Minnesota Wild,,,,,,
1281,2023-04-11,2022021282,Calgary Flames,Nashville Predators,,,,,,
1282,2023-04-11,2022021283,Arizona Coyotes,Seattle Kraken,,,,,,
1283,2023-04-11,2022021284,Los Angeles Kings,Vancouver Canucks,,,,,,
1284,2023-04-11,2022021285,New Jersey Devils,Buffalo Sabres,,,,,,
1285,2023-04-11,2022021287,Philadelphia Flyers,Columbus Blue Jackets,,,,,,
1286,2023-04-11,2022021288,Carolina Hurricanes,Detroit Red Wings,,,,,,
1287,2023-04-11,2022021289,Tampa Bay Lightning,Toronto Maple Leafs,,,,,,
1288,2023-04-11,2022021290,Boston Bruins,Washington Capitals,,,,,,
1289,2023-04-11,2022021286,Pittsburgh Penguins,Chicago Blackhawks,,,,,,
1290,2023-04-12,2022021291,Minnesota Wild,Winnipeg Jets,,,,,,
1291,2023-04-12,2022021292,Colorado Avalanche,Edmonton Oilers,,,,,,
1292,2023-04-12,2022021293,Vegas Golden Knights,Seattle Kraken,,,,,,
1293,2023-04-12,2022021294,Anaheim Ducks,Vancouver Canucks,,,,,,
1294,2023-04-12,2022021295,New York Islanders,Montreal Canadiens,,,,,,
1295,2023-04-12,2022021296,St Louis Blues,Dallas Stars,,,,,,
1296,2023-04-13,2022021297,Calgary Flames,San Jose Sharks,,,,,,
1297,2023-04-13,2022021298,Montreal Canadiens,Boston Bruins,,,,,,
1298,2023-04-13,2022021299,Florida Panthers,Carolina Hurricanes,,,,,,
1299,2023-04-13,2022021300,Tampa Bay Lightning,Detroit Red Wings,,,,,,
1300,2023-04-13,2022021301,Washington Capitals,New Jersey Devils,,,,,,
1301,2023-04-13,2022021302,Buffalo Sabres,Ottawa Senators,,,,,,
1302,2023-04-13,2022021303,Columbus Blue Jackets,Pittsburgh Penguins,,,,,,
1303,2023-04-13,2022021304,New York Rangers,Toronto Maple Leafs,,,,,,
1304,2023-04-14,2022021305,Nashville Predators,Minnesota Wild,,,,,,
1305,2023-04-14,2022021307,Dallas Stars,St Louis Blues,,,,,,
1306,2023-04-14,2022021306,Chicago Blackhawks,Philadelphia Flyers,,,,,,
1307,2023-04-14,2022021308,Edmonton Oilers,San Jose Sharks,,,,,,
1308,2023-04-14,2022021309,Colorado Avalanche,Winnipeg Jets,,,,,,
1309,2023-04-14,2022021310,Anaheim Ducks,Los Angeles Kings,,,,,,
1310,2023-04-14,2022021311,Arizona Coyotes,Vancouver Canucks,,,,,,
1311,2023-04-14,2022021312,Seattle Kraken,Vegas Golden Knights,,,,,,
